Id,WhiteElo,BlackElo,Result,WhiteShortCastle,WhiteLongCastle,BlackShortCastle,BlackLongCastle,WhiteCastlingConsiderationTurn,BlackCastlingConsiderationTurn,WhiteBestMoveAtConsiderationTurn,BlackBestMoveAtConsiderationTurn
2,2930,2817,0-1,6,-,6,-,6,6,e1g1,e8g8
4,2423,2313,1-0,8,-,10,-,8,10,e1g1,h7h6
1,2255,2406,0-1,-,-,14,-,"7,8,9,10",14,"g2g4,f1g2,d4e5,h2h4",d8d6
0,2513,2349,1-0,6,-,10,-,"5,6","7,8,9,10","c2c4,e1g1","e6e5,e5e4,f5e4,h7h6"
3,2504,2589,1-0,9,-,-,-,9,"6,7,8,9,10,11,12,13,14",e1g1,"h7h6,e8g8,e8g8,e8g8,c8b7,b7e4,b7e4,f5h4,a8a7"
7,2386,2429,0-1,-,-,-,-,10,"10,11,12,15,15",d4e5,"f6g4,f6d7,f6g4,d7e6,d7e6"
5,2394,2429,1-0,13,-,-,-,"8,9,10,13","8,9,10","f2f3,h2h3,e3d4,c4b3","b7c6,f6g4,g4e3"
6,2519,2510,1-0,5,-,-,14,"4,5","11,12,13,14,14","e1g1,c2c4","g6f5,e6f7,e7d5,e8c8,e8c8"
8,2707,2474,1-0,9,-,15,-,"7,8,9","10,11,12,13,14,15,15","c4b3,e5d6,e1g1","d4c3,d6d5,d6d7,c6d4,f8c5,e8g8,e8g8"
11,2501,2497,1-0,11,-,6,-,11,"4,5,6",e1g1,"e8g8,b4c3,c7c6"
12,2588,2202,1-0,7,-,5,-,7,5,d4d5,c7c6
10,2440,2599,0-1,6,-,-,14,6,"12,13,14",e1g1,"h7g6,f8c5,d4c2"
15,2498,2523,0-1,7,-,4,-,7,4,e1g1,d7d5
9,2508,2518,1-0,4,-,-,-,4,"5,6,7,8,9,10,11,11,12,12,13,13,14,15",b1c3,"c5d4,c6d4,d7d6,d6e5,d8e7,a7a6,g7f6,g7f6,e6c4,e6c4,d4e6,d4e6,e7c5,e7c5"
13,2401,2246,1-0,-,11,7,-,"9,10,11,11","6,7","e4g5,h2h4,h2h4,h2h4","e7f6,e8g8"
14,2505,2401,0-1,11,-,-,-,"6,8,9,10,11,11",-,"c2c4,e3d4,d1d2,a2a3,c3e4,c3e4",-
18,2513,2495,0-1,9,-,7,-,"8,9",7,"c4b3,e1g1",e8g8
16,2501,2412,1/2-1/2,10,-,15,-,"7,8,9,10",15,"b5e2,a4b3,a2b3,d2d3",c5b4
17,2458,2609,0-1,8,-,9,-,"5,6,7,8",9,"e1g1,e1g1,e1g1,d4c5",e8g8
20,2451,2558,1-0,6,-,7,-,6,7,e1g1,f6e4
23,2745,2523,0-1,7,-,8,-,"6,7",8,"e2f3,g2g4",c7c6
21,2458,2522,0-1,4,-,10,-,4,"9,10",c2c4,"b7c6,e8g8"
25,2472,2303,1-0,8,-,8,-,"7,8",8,"e1g1,e1g1",e8g8
19,2431,2527,0-1,-,-,5,-,"7,8,9,10,12,12,13,13,14,14,15,15","4,5","e1g1,e1g1,a2a3,e5d3,e2e3,e2e3,d3b4,d3b4,e4e5,e4e5,d4c5,d4c5","b4e7,d7d5"
24,2271,2411,1/2-1/2,7,-,13,-,7,13,d2d3,e8g8
22,2402,2325,0-1,5,-,-,13,"4,5","12,13,13","b5a4,e1g1","g7g5,d6f8,d6f8"
29,2429,2411,1-0,-,-,-,-,-,-,-,-
26,2448,2551,0-1,7,-,7,-,7,7,f2f3,e8g8
28,2471,2468,0-1,9,-,9,-,9,9,d1d2,e8g8
30,2494,2425,1-0,-,-,-,11,-,"9,10,11",-,"f7f6,f7f6,c6d8"
31,2579,2580,1-0,9,-,8,-,9,"7,8",e1g1,"d7d6,b7b5"
32,2746,2831,1/2-1/2,14,-,-,-,"12,13,13,14,14",14,"e1d1,c4e2,c4e2,e1g1,e1g1",a8d8
34,2473,2202,1-0,6,-,6,-,6,6,d2d4,e8g8
36,2412,2327,1-0,-,-,-,-,-,-,-,-
35,2319,2438,1-0,7,-,7,-,"6,7","6,7","a2a4,e1g1","e8g8,e8g8"
27,2525,2557,1-0,10,-,12,-,"8,9,10,10","9,10,11,11,12,12","f2f4,c3d5,e1g1,e1g1","c6d4,g8e7,a5c7,a5c7,e8g8,e8g8"
38,2766,2661,1/2-1/2,9,-,8,-,"8,9","6,7,8","e4d5,e1g1","b7c6,e8g8,e8g8"
37,2554,2584,1/2-1/2,-,-,7,-,"11,12,13","5,6,7","e1g1,e1g1,c4d6","e8g8,e8g8,e8g8"
33,2501,2365,1-0,-,-,-,-,"7,8,9,10,11,12,13","10,11","c4b3,f2f3,f2f3,d1f3,e5d6,d4e6,e6g7","d6e5,e7h4"
39,2463,2262,1-0,-,-,-,-,"7,8,9,10,11,12,15","10,11,12,13,13,14,14,15,15","c1d2,g2g4,h2h4,e5d7,h4h5,e1g1,e2c4","f6d7,g6e4,e4g2,e4d5,e4d5,d5c4,d5c4,d7b6,d7b6"
42,2553,2670,1-0,5,-,10,-,"4,5","7,8,9,10","b5a4,e1g1","d7d6,c5b6,c8b7,e8g8"
43,2902,3015,1-0,4,-,12,-,4,12,e1g1,e8g8
40,2493,2575,1-0,-,-,4,-,"9,10,11,12,13,14,15",4,"c2c4,e1g1,e1g1,e2g3,g2c6,e3e4,b2c1",d7d5
41,2346,2463,0-1,8,-,-,-,8,"9,10,11,12,13,14,15",d4d5,"d8b6,d8b6,h6h5,h6h5,h5g4,d6d5,d6d5"
46,2439,2339,1-0,5,-,4,-,5,4,c2c4,d7d5
45,2302,2477,1-0,4,-,7,-,4,7,e1g1,f5g6
44,2502,2535,0-1,5,-,10,-,"4,5","6,7,8,9,10","b5a4,e1g1","e5d4,f6e4,e8g8,e4c5,e8g8"
47,2405,2318,1-0,8,-,9,-,"6,7,8",9,"d2d4,d2d4,c1g5",e8g8
50,2505,2455,0-1,10,-,10,-,"8,9,10",10,"c2c3,d3d4,h2h4",e8g8
48,2380,2498,0-1,-,8,-,-,"7,8","5,6,7,8,9","c4d5,e1c1","d7d5,d5e4,d5d4,e7c6,d4e3"
53,2537,2445,1-0,9,-,7,-,9,7,c1g5,d7d6
52,2488,2596,1-0,9,-,6,-,9,"5,6",d4c5,"e7f6,c7c5"
49,2508,2356,0-1,-,13,9,-,"8,9,10,10,11,11,12,12,13,13","8,9","d4b3,c1d2,f3g3,f3g3,f3h3,f3h3,h2g3,h2g3,e1c1,d3e2","c5e7,b8c6"
55,2638,2458,1-0,10,-,4,-,10,4,g5h4,b7b6
54,2329,2434,0-1,10,-,12,-,10,"11,12",d4d5,"e6d5,e8g8"
58,2406,2595,0-1,-,9,7,-,"8,9,9",7,"d1d2,e1g1,e1g1",e8g8
56,2552,2420,1-0,-,-,-,-,"9,10,11,12,13,14",-,"g1e2,e1c1,e1c1,e1c1,g3h5,g3h5",-
51,2375,2471,0-1,-,13,5,-,"6,7,8,9,10,11,12,13,13",5,"e1g1,a2a4,d1e2,h3h4,d1f3,d4e5,d1g4,f2f3,f2f3",c7c5
60,2502,2521,1/2-1/2,5,-,11,-,5,"7,8,9,10,11,11",h2h3,"e7e6,g4f3,h5g6,f8e7,a5c7,a5c7"
57,2436,2364,1-0,-,-,7,-,"6,7,8,9,10,11,12,13,13,14,14,15,15",7,"d1d5,c1h6,h6e3,d5d2,c4d3,a2a4,e1g1,c3e2,c3e2,b3d5,b3d5,c2c4,c2c4",e8g8
59,2303,2401,0-1,-,-,-,-,"11,12,13,15","6,7,8,9,10,11,12,13","f1e2,f1e2,a1c1,b5d7","d8e7,g4e5,c6e5,b4d2,d7d6,b7b6,d6c5,b7b6"
61,2484,2506,1-0,10,-,10,-,"6,7,8,9,10",10,"e1g1,c3d4,e1g1,g5h4,b1d2",b8c6
64,2458,2542,1-0,7,-,7,-,7,7,e1g1,e8g8
63,2575,2422,1-0,9,-,8,-,"6,7,8,9","7,8","c4b3,d2d4,a2a4,a2a4","c5d4,e8g8"
66,2435,2775,0-1,8,-,-,-,"7,8","10,11,12,13,13,14,15","e1g1,e1g1","f8d6,g8f6,f8c5,c7b8,c7b8,g7g6,b7c8"
65,2470,2690,0-1,-,-,-,-,"6,7,8,9,10,11,12,13,14,15",-,"c2c3,h4h5,f3g5,d1g4,g4g3,d3f5,c1g5,g3g5,g5h6,g2g3",-
67,2514,2473,1-0,4,-,11,-,4,"7,8,9,10,11,11",e1g1,"a7a6,g8f6,b7b5,f8e7,b7b5,h7h6"
62,2420,2254,1/2-1/2,11,-,11,-,"4,5,6,7,8,9,10,11","5,6,7,8,9,10,11","e1g1,e1g1,b5c6,f3e5,d2d4,c1f4,e2e4,e1g1","e8g8,b7c6,e8g8,c5a7,c6c5,f7f6,f6e5"
68,2417,2329,1-0,6,-,6,-,6,6,e1g1,e8g8
69,2485,2533,0-1,4,-,8,-,4,"6,7,8",b5c6,"f6d5,d5c7,e8g8"
71,2399,2792,1/2-1/2,5,-,6,-,5,"5,6",e1g1,"e8g8,b4c3"
74,2548,2566,1/2-1/2,-,6,6,-,6,"5,6",e1c1,"c7c6,h7h6"
75,2677,2417,1-0,6,-,6,-,6,6,d2d4,c7c5
73,2516,2279,1-0,5,-,-,13,5,"10,11,12,13,13",b1c3,"e8g8,e8g8,c7c5,a6a5,a6a5"
70,2491,2488,1-0,-,-,14,-,"4,5,6,7,8,9,10,11,12,13,14,15,15","11,12,13,14","e1g1,d2d3,c1b2,h2h4,d2d3,e4e5,g2g3,g2g3,a2a4,d1e2,b2a3,e1c1,e1c1","d8c7,e7f8,a8b8,e7f8"
76,2443,2456,1-0,-,-,10,-,"8,9,10,11","8,9,10","e4e5,c3d5,d1d5,d5a8","f6g4,g7e5,e8g8"
79,2627,2453,1/2-1/2,7,-,5,-,7,5,d2d4,e8g8
72,2716,2726,1-0,15,-,12,-,"8,9,10,11,12,13,13,14,14,15,15","8,9,10,11,12","f3d2,d2e4,g5h4,h4g3,h2h4,e1g1,e1g1,g2f3,g2f3,e1g1,e1g1","e8g8,d5e4,e6e5,e8g8,e8g8"
81,2380,2519,1-0,9,-,6,-,9,6,g3g4,e8g8
78,2471,2472,0-1,10,-,-,-,"7,8,9,10",11,"e4e5,c1e3,e1g1,f4f5",e8g8
80,2421,2257,1-0,-,10,-,-,10,"8,9,10,11,12,13,15",e1c1,"b7c6,h7h6,a8b8,d6d5,d6d5,f6d5,e7d6"
82,2327,2414,0-1,-,12,-,-,"10,11,12","8,9,10,11,12,12,13,14,15","e4d5,c3d5,d2d5","c8e6,d6d5,f6d5,d8d5,e8c8,e8c8,e8g8,d8d2,e7c5"
83,2530,2460,1-0,5,-,12,-,"4,5","8,9,10,11,12","b5d7,e1g1","e8g8,d6d5,f6e4,e4d2,d7b8"
77,2518,2551,0-1,-,-,12,-,"6,7,8,9,10,11,12,12,13,13,14,14,15,15","9,10,10,11,11,12,12","c2c4,c2c4,e1g1,g2g4,c2c4,c4d5,c4d5,f3e5,h4g6,h4g6,e1g1,e1g1,h4h5,h4h5","d8e7,e8g8,e8g8,e8g8,e8g8,e5c6,e5c6"
84,2375,2489,1/2-1/2,10,-,10,-,"9,10","9,10","e4e5,e1g1","c7c5,e8g8"
85,2409,2237,1-0,7,-,12,-,7,12,e1g1,h7h6
87,2595,2609,0-1,10,-,12,-,10,12,d1e2,e8g8
86,2234,2405,0-1,8,-,10,-,"6,7,8",10,"d4d5,c4d5,e1g1",e8g8
88,2567,2612,0-1,7,-,5,-,7,"4,5",e1g1,"e8g8,e8g8"
89,2509,2491,1-0,11,-,6,-,"11,11",6,"g3d6,g3d6",c7c5
92,2437,2316,1-0,-,-,8,-,15,"7,8",c3d5,"b8d7,b8d7"
91,2382,2568,1/2-1/2,10,-,9,-,10,"7,8,9",e1g1,"b4c3,d7d5,d5e4"
90,2489,2511,0-1,13,-,11,-,13,"9,10,11",e1g1,"b7c6,d5d4,e8g8"
93,2765,2762,0-1,9,-,-,9,"7,8,9","7,8,9","h2h3,d1f3,c4b5","g4f3,e8c8,e8c8"
97,2636,2520,0-1,7,-,8,-,7,8,e1g1,c5c4
96,2560,2547,0-1,5,-,13,-,5,13,d1a4,e8g8
94,2418,2554,1-0,4,-,10,-,4,"5,6,7,8,9,10",c2c4,"e8g8,b8c6,e8g8,c8b7,f6d5,d5b4"
98,2530,2420,1-0,11,-,-,11,"10,11",11,"a2a3,h2h4",g6e7
95,2323,2465,1-0,15,-,8,-,"9,10,11,12,13,14,15,15",8,"e1g1,d1c2,e1g1,a2a3,d1c2,b2c3,f3g5,f3g5",e8g8
99,2418,2299,1-0,10,-,-,-,10,"11,12,13,14,15",h3f4,"b8d7,b6d8,b4d6,e7d5,d6h2"
101,2710,2604,1-0,13,-,10,-,"9,10,11,12,13,13",10,"f3h4,g2g4,f1d3,b3d3,e1g1,e1g1",e7d8
103,2322,2540,0-1,-,-,6,-,-,6,-,c7c5
102,2415,2502,1-0,-,6,5,-,6,5,e1c1,c7c6
100,2531,2381,0-1,13,-,11,-,13,"4,5,6,7,8,9,10,11",d3d4,"d7d5,d8d5,e7d6,e7f6,d5f4,e5f4,g7g5,c6d4"
107,2607,2648,1-0,-,-,-,-,-,-,-,-
106,2461,2250,1-0,9,-,13,-,9,"10,11,11,12,13",d1b3,"d8b6,f6h5,f6h5,a7b6,b6a4"
105,2429,2397,1-0,13,-,5,-,"7,8,9,10,11,12,13","4,5","e1g1,c1g5,f3d2,g5e3,g2g4,c4d5,e1g1","d7d6,e8g8"
108,2287,2494,0-1,8,-,14,-,"7,8","13,14","e1g1,e1g1","e5f3,e8g8"
111,2562,2400,1-0,7,-,12,-,7,12,c1e3,e8g8
110,2300,2435,0-1,6,-,-,-,6,"13,14,15",d2d3,"e6f5,e8g8,f5e4"
109,2494,2441,0-1,10,-,-,-,"5,6,7,8,9,10","8,9,10,11,12,13,14,15","e4e5,c4b5,f3d4,c1e3,b5c6,b1d2","e8g8,d7c6,d8e7,e4c5,c6c5,g5e6,g5e6,d7b5"
113,2205,2446,0-1,5,-,4,-,5,4,c2c4,d7d5
104,2522,2650,1-0,-,-,9,-,"4,5,6,7,8,9,10,11,13,14,15","5,6,7,8,9","b1c3,b1c3,e1g1,c4b3,c4b3,d2c4,d2f1,e1g1,d3e4,b3e6,a2b3","d7d6,d7d6,h7h6,c8e6,e8g8"
115,2341,2424,1-0,6,-,6,-,"4,5,6",6,"b1c3,e4f5,e1g1",e8g8
116,2460,2663,0-1,-,8,8,-,8,8,e1c1,a7a6
112,2609,2617,1-0,10,-,14,-,10,"9,10,10,11,12,13,13,14,14",e1e2,"f8e7,e8g8,e8g8,b6b3,b6c7,e6d5,e6d5,e8g8,e8g8"
119,2404,2392,1-0,-,-,10,-,-,10,-,e8g8
117,2364,2430,1-0,10,-,8,-,"9,10",8,"e1g1,e1g1",b8c6
120,2398,2444,0-1,-,-,5,-,-,5,-,c7c5
122,2535,2216,1-0,6,-,4,-,6,4,e1g1,c7c6
118,2397,2578,1-0,12,-,-,-,"8,9,10,11,12",8,"d3e4,c4f7,e2e4,e4f3,e1g1",d5d7
121,2410,2446,1-0,11,-,9,-,"10,11,11",9,"e1g1,g2g4,g2g4",e8g8
114,2732,2869,0-1,-,-,11,-,"5,6,7,8,9,10,11,13,14,15","10,11,11","d3e2,h2h3,c1f4,h2h3,e1g1,e1g1,e1g1,e2f3,f3e2,d3c4","f8e7,e8c8,e8g8"
124,2524,2544,1-0,6,-,5,-,"4,5,6",5,"b1c3,d2d3,c2c3",e8g8
126,2529,2541,0-1,9,-,6,-,9,6,c4d5,c8g4
127,2514,2463,0-1,10,-,7,-,10,7,e1g1,e8g8
125,2380,2536,0-1,-,-,-,-,"10,12,13,14,15","10,11,12,13,14,15","e5d3,e1g1,c1c2,c4c5,e5f3","a5a2,e4c3,a2c2,b4e7,f7f6,d5c4"
123,2565,2756,0-1,-,-,-,6,"7,8,9,10,11,12,13,14,15",6,"h2h3,e1g1,g3g4,f3h4,e1g1,c3e4,c3e4,c2c3,g4f5",e5e4
130,2406,2342,1-0,-,-,-,-,-,"12,14,15",-,"h6g8,b8d7,b8d7"
128,2676,2592,0-1,-,-,-,14,10,"12,13,13,14,14",f3d4,"c8d7,a7a6,a7a6,f7f6,f7f6"
129,2466,2515,1-0,5,-,14,-,"4,5","7,8,9,10,11,12,13,14","c2c3,d2d4","e5d4,c5a7,e8g8,c8g4,g4f3,c6d4,e8g8,e8g8"
131,2805,2433,1/2-1/2,-,-,-,15,-,"14,15",-,"g4f3,a6b4"
134,2564,2492,0-1,8,-,8,-,8,8,e1g1,e8g8
132,2443,2509,1-0,7,-,11,-,7,"7,8,9,10,11",d1e2,"e8g8,e8g8,a7a5,d8b6,e8g8"
133,2535,2405,1-0,13,-,6,-,"8,9,10,11,12,13,13",6,"g2g3,e2e3,e4e5,c4d5,d4c5,e1g1,e1g1",e8g8
135,2414,2363,0-1,-,14,-,-,"9,10,11,12,13,14,14","4,5,7,8,9,10,11,15","d2d4,g2f3,g5h6,d2d4,d1d2,d4d5,d4d5","d7d5,f6h5,c8g4,c7c6,g4f3,d8a5,h8h6,a5f5"
138,2510,2423,1/2-1/2,10,-,10,-,10,10,d4d5,d6d5
136,2305,2467,0-1,-,-,-,-,"8,9,10,13,14,15","10,11,12,13,14,15,15","e4d5,d1e2,d5c6,d1d6,d1d6,d6f6","d8d1,b7c6,e8g8,g7f6,e8e7,e8g8,e8g8"
140,2415,2535,0-1,12,-,11,-,12,11,a2a4,e8g8
141,2520,2517,1-0,10,-,11,-,10,11,b1c3,f7f5
137,2542,2584,0-1,13,-,9,-,"4,5,6,7,8,9,10,11,12,13,13",9,"b1c3,f3e5,e1g1,c1b2,e2e5,e5e2,c1b2,c4e2,e1g1,e1g1,e1g1",h7h6
143,2216,2565,0-1,7,-,11,-,7,11,c1e3,h7h6
142,2479,2324,1-0,-,13,-,-,"10,11,12,13","9,10","e5d6,d6e7,e4e7,e1c1","d7d5,c8f5"
145,2493,2238,1-0,6,-,-,-,6,-,e1g1,-
144,2362,2519,1-0,10,-,7,-,10,"5,6,7",c4d5,"h7h6,e7f6,d5c4"
139,2444,2518,1-0,9,-,-,-,"7,8,9","13,14,15,15","c4d3,c3a4,e1g1","d7d6,d7d6,d7d6,d7d6"
148,2370,2445,0-1,6,-,6,-,6,6,c2c4,e8g8
146,2508,2456,1-0,6,-,5,-,"4,5,6",5,"f3g5,e1g1,e1g1",e8g8
149,2323,2500,0-1,6,-,5,-,6,5,d2d4,e8g8
152,2633,2564,1-0,-,-,-,-,-,-,-,-
150,2549,2485,1-0,-,-,7,-,-,7,-,e8g8
151,2427,2346,1/2-1/2,-,14,4,-,"12,13,14,14",4,"b5e2,b1d2,e1c1,e1c1",d7d6
147,2399,2550,0-1,7,-,9,-,"6,7","7,8,9,9","b5e2,e1g1","g8f6,c5d4,d5c6,e8g8"
154,2686,2457,1-0,9,-,4,-,"8,9",4,"e1g1,f4h2",d7d6
153,2638,2560,1-0,12,-,10,-,"10,11,12,12","8,9,10","f3d5,g1e2,e1g1,e1g1","e6f5,f5f4,e8g8"
157,2494,2557,0-1,11,-,12,-,11,"10,11,12,12",a1c1,"e8g8,e8g8,e8g8,e8g8"
159,2637,2430,0-1,9,-,10,-,"7,8,9",10,"b1c3,b2c3,h2h4",e8g8
155,2666,2549,1-0,14,-,14,-,"9,10,11,12,13,13,14,14","11,12,13,13,14,14","d4c5,e1g1,f3g3,b5c6,b5c6,b5c6,e1g1,e1g1","c5d4,e8g8,b6c6,b6c6,e8g8,e8g8"
158,2699,2710,0-1,15,-,7,-,"7,8,9,10,10,11,11,12,13,15,15",7,"e1g1,e1g1,a2a4,a2a3,e1g1,c3d5,c3d5,h6g7,c2c3,f2f4,e1g1",e8g8
161,2537,2433,1-0,-,-,-,-,"9,10",-,"c3b4,a1c1",-
156,2405,2246,0-1,-,-,8,-,"10,11,12,13,14,15","5,6,7,8","c2c3,d1e2,e3d4,d1e2,f3g5,d2f3","b8d7,b8d7,e4g3,c7c5"
163,2580,2524,0-1,7,-,14,-,7,"9,10,14",e1g1,"f5d3,a5d8,e8g8"
162,2421,2216,1-0,13,-,13,-,"7,8,9,10,11,12,13","11,12,13,13","e1g1,b2b3,d3b5,b5d7,e1g1,d1b3,c1d2","d7b5,f8e7,e8g8,e8g8"
165,2691,2519,1-0,10,-,-,-,"7,9,10",-,"b1c3,b4b5,d2d4",-
164,2715,2718,1-0,-,10,7,-,"8,9,10,10",7,"e4f6,c1f4,e4f6,e4f6",f6e4
166,2462,2394,0-1,7,-,7,-,7,7,d4d5,e8g8
167,2207,2466,0-1,9,-,8,-,9,"6,7,8",e1g1,"d8e7,g4e5,e5f3"
170,2411,2579,0-1,9,-,4,-,9,4,e1g1,d7d6
160,2402,2259,1-0,-,15,-,13,"13,14,15","6,7,8,9,10,10,11,11,13,13","a4c2,h4g3,f2f3","d6b4,d6c5,f7f6,g4e5,g4e5,g4e5,d6e5,d6e5,e5g6,e5g6"
168,2959,2711,1-0,-,-,6,-,"8,10,11,12,13,14,15",6,"b1d2,h2h4,d2d5,b2e5,e5g7,c4d5,b1c3",e8g8
169,2325,2411,0-1,-,-,9,-,"10,11,12,13,14","8,9","d2d3,e1g1,e1g1,e1g1,e2b5","e8g8,e8g8"
173,2590,2679,1-0,8,-,11,-,8,11,f3h4,e8g8
174,2522,2309,1-0,5,-,8,-,5,"7,8",c2c4,"d6f4,h7h6"
172,2634,2597,1-0,12,-,5,-,"7,8,9,10,11,12","4,5","d4d5,d4d5,f3d2,g2g4,g2g4,g2g4","e8g8,e8g8"
175,2470,2608,0-1,6,-,5,-,"4,5,6",5,"f3g5,e1g1,e1g1",e8g8
176,2404,2602,0-1,7,-,7,-,7,7,a1b1,e8g8
171,2400,2304,0-1,-,14,-,-,"10,11,12,13,14","5,6,7","g1h3,h5h3,h5h3,g1h3,g1e2","f6e4,f5e4,g6h5"
177,2423,2372,1/2-1/2,9,-,5,-,"4,5,6,7,8,9",5,"d2d4,d2d4,d2d4,e1g1,e1g1,e1g1",e8g8
180,2301,2409,1-0,9,-,12,-,"8,9","11,12","c4b3,c3d5","a7a5,c7c5"
181,2406,2273,1/2-1/2,6,-,8,-,"4,5,6",8,"h2h3,d2d4,c4d5",b8c6
179,2418,2427,0-1,-,-,-,-,"11,11,12,12,13,13,14,14,15,15","9,10,11,12,13,14,15","e1g1,e1g1,d4e5,d4e5,h4g3,h4g3,d3c2,d3c2,f5c2,f5c2","f5d3,b8d7,d7e5,f6d7,e7b4,d8b6,h6h5"
182,2586,2518,1-0,10,-,9,-,"9,10,10",9,"g2g4,c4d5,c4d5",e8g8
178,2480,2504,0-1,8,-,-,-,8,"8,9,10,11,12,13,14,15",e3d2,"b4c3,d7d6,d7d6,c3a3,d7d6,h7h5,c8d7,c8d7"
183,2284,2438,0-1,4,-,-,-,4,"6,7,8",b1c3,"e5d4,a7a6,e7d5"
186,2505,2538,0-1,4,-,7,-,4,7,c2c4,h7h6
188,2674,2674,0-1,7,-,5,-,7,5,e1g1,e8g8
184,2574,2447,1-0,14,-,-,-,"13,14","14,15","d1c2,e5d7","b6d6,d7e5"
187,2624,2575,1/2-1/2,8,-,-,-,"7,8","10,11,12,13,14,15","e1g1,e1g1","d8d7,h7h6,h6g5,d7e7,g5g4,g6h4"
185,2614,2624,0-1,-,-,-,-,"8,9,10,11,12,13","9,10,11,12,15","g2g4,g2g4,h2h4,d2c3,f2f3,c4e6","f5g6,b8d7,a5c7,h7h5,h5g4"
189,2605,2745,1-0,9,-,-,-,"6,7,8,9","13,14,15","a2a4,e1g1,a4b5,c3d5","e6f5,g6f5,c8f5"
192,2408,2213,0-1,9,-,9,-,"8,9","6,7,8,9","e4d5,e1g1","b7c6,e8g8,e8g8,e8g8"
193,2532,2502,0-1,6,-,10,-,6,"7,8,9,10,10",c3c4,"e7e6,h7h5,h8g8,h8g8,h8g8"
195,2459,2521,1/2-1/2,5,-,7,-,5,"6,7",e1g1,"d7d5,f6e4"
190,2400,2328,1-0,-,-,-,-,"7,8,9,10,11,12,13,14,14,15,15",-,"d4b3,d1d8,g2e4,e4g2,c1d2,c1e3,c1g5,e3b6,e3b6,e1c1,e1c1",-
191,2538,2438,0-1,-,-,-,13,"6,7,8,9,10,11,12,13,13,14,14,15,15","10,11,12,13","e1c1,h4h5,g2g4,h4h5,e1c1,g5f4,f4g3,f4g3,f4g3,h4h5,h4h5,a4a5,a4a5","f7f6,e6f7,e7e5,b6c7"
198,2476,2409,0-1,7,-,6,-,7,6,e1g1,e8g8
194,2356,2416,1-0,-,13,-,-,"7,8,9,10,13","10,11,12,13,14,15","d1e2,e4e5,h2h3,h3g4,e1c1","c5d4,d7d6,b8c6,d4c3,b7e4,b8c6"
200,2538,2519,0-1,-,-,-,-,-,-,-,-
201,2349,2455,1-0,13,-,13,-,13,13,b1d2,b8d7
199,2411,2307,1-0,6,-,5,-,6,5,e3e4,d6d5
196,2448,2538,0-1,6,-,15,-,6,"11,12,12,13,13,14,14,15,15",e1g1,"d8b6,b6b2,b6b2,d5d4,d5d4,d7c5,d7c5,h7h6,a8d8"
204,2299,2441,0-1,5,-,8,-,"4,5","6,7,8","b5a4,e1g1","b7b5,e8g8,e8g8"
205,2314,2859,0-1,-,-,-,-,-,-,-,-
202,2543,2591,1-0,-,-,8,-,"11,12,13,14,15","7,8","d6e7,c3b5,f4g3,c7a8,a8c7","b4c3,d7d5"
206,2547,2505,0-1,11,-,4,-,11,4,e1g1,e8g8
197,2509,2386,0-1,-,-,6,-,"5,6,7,8,9,10,11,12,13,14,15","5,6","e2e4,e1c1,e1c1,e1c1,h6g7,h6g7,b2b3,h4h5,h6g5,h6e3,f1e2","c7c6,b7b5"
203,2338,2603,0-1,-,-,-,-,"9,10","5,6,7,9,10,11,12,13,14","a4c4,e2e3","f6e4,e4c3,d5c4,d8a5,b8a6,a5b4,b7b5,c6c5,g7c3"
208,2514,2632,0-1,6,-,11,-,6,11,e1g1,e8g8
209,2506,2417,0-1,-,8,-,-,8,"11,12,14,15",e1c1,"e7f6,d7c6,a8c8,f6e7"
207,2535,2479,1-0,11,-,-,-,"10,11","10,11,11,12,13,13,14,14,15,15","e1g1,f4h6","d6f4,h7h5,h7h5,c7d6,g4e2,g4e2,e8g8,f6f5,e8f8,e8f8"
212,2370,2624,0-1,7,-,10,-,7,"9,10",c1e3,"e8g8,e8g8"
210,2473,2345,1-0,15,-,-,13,"7,12,13,14,15","12,13","d5e6,b5e2,b1c3,c1d2,a1b1","e7e6,e7e6"
215,2470,2683,0-1,10,-,8,-,10,8,e1g1,e8g8
214,2442,2333,1-0,-,-,-,-,-,"14,15",-,"h4f2,g5e7"
213,2783,2652,1-0,9,-,7,-,"6,7,8,9",7,"d1e2,f3g5,c4c5,e1g1",d5c4
217,2457,2266,1-0,6,-,10,-,"5,6","9,10","c4d5,d2d4","e8g8,f7f6"
219,2300,2410,0-1,7,-,7,-,"6,7",7,"b1c3,b1c3",c8g4
211,2527,2575,1-0,-,13,7,-,"8,9,9,10,10,11,11,13,13",7,"e4f6,h2h4,h2h4,e4f6,e4f6,e4c5,e4c5,f3e5,f3e5",f6e4
220,2520,2370,0-1,-,-,-,-,-,13,-,e7e6
218,2407,2511,1-0,14,-,-,-,"11,12,13,14","7,8,9,10","b5d3,b5d3,c4e6,c1h6","f6d5,a7a6,a6b5,d7c6"
216,2520,2565,0-1,12,-,7,-,"8,9,9,10,10,11,11,12,12","5,6,7","e3e4,h2h4,h2h4,f3d4,f3d4,g5e7,g5e7,e1g1,e1g1","c5d4,c8b7,h7h6"
223,2461,2367,1-0,5,-,8,-,"4,5","6,7,8","b5a4,e1g1","b7b5,e8g8,e8g8"
224,2570,2471,1-0,4,-,-,-,4,11,e1g1,h5g6
225,2435,2579,0-1,9,-,-,9,9,9,c2c3,g7g6
221,2342,2441,1-0,-,-,-,-,"14,15","8,9,10,11,12,13,14,15,15","b3b4,e4g3","e7g6,c5a7,d8d5,c6e5,d8d4,f7f6,c8f5,f5g6,f5g6"
226,2373,2401,1-0,11,-,6,-,"10,11",6,"b5c6,e1g1",e8g8
227,2552,2528,1-0,7,-,-,14,7,"13,14",e1g1,"d5g8,b6d7"
222,2649,2520,1-0,13,-,-,-,"11,12,13","10,11,12,13,14,15,15","e1g1,e1g1,f3d5","b8d7,b8d7,d7e5,d7e5,e8g8,e8g8,h8f8"
228,2208,2423,0-1,7,-,13,-,"6,7","10,11,12,13,13","b1c3,c2c3","g8e7,e7f5,f8e7,a8d8,a8d8"
230,2468,2402,1/2-1/2,15,-,6,-,"11,12,13,14,15","5,6","d4c5,c3d5,a1b1,b1b2,d1d5","e8g8,e8g8"
231,2322,2566,0-1,5,-,-,-,5,"13,14,15",b5c6,"d4c3,c5e7,b7b5"
233,2721,2249,1-0,10,-,4,-,10,4,e1g1,b7b6
235,2379,2472,0-1,7,-,6,-,7,6,e1g1,e8g8
229,2392,2500,1/2-1/2,-,-,-,-,"10,11,12,13,14,15","10,11,15","a1c1,d3c4,d1c2,g2f3,c4a5,e5c6","d5c4,g7g6,b7c6"
234,2606,2418,0-1,8,-,4,-,"7,8",4,"d4c5,e1g1",d7d5
236,2325,2416,0-1,-,-,8,-,-,"7,8",-,"h4h6,e8g8"
237,2455,2572,0-1,10,-,-,-,"9,10","10,11","a1b1,e1g1","c6e5,g7e5"
239,2337,2410,0-1,8,-,7,-,8,7,e1g1,e8g8
232,2313,2409,1-0,-,-,6,-,"7,8,9,10,11,11,12,12",6,"h2h4,f3g5,f3g5,c1g5,e1c1,e1c1,e1c1,e1c1",b8c6
240,2442,2500,1-0,10,-,8,-,10,8,e1g1,a7a6
241,2416,2517,0-1,-,13,-,12,"9,10,13",12,"g3h4,h2g3,f3e2",f6g4
238,2344,2459,0-1,7,-,14,-,"6,7","8,9,10,11,12,13,14,14","c4e2,f4e5","d7e5,a5c7,b7b5,d7c5,f8c5,a5a4,e8g8,e8g8"
244,2433,2293,0-1,9,-,10,-,"8,9",10,"d4e5,e1g1",a7a5
242,2648,2601,1-0,13,-,5,-,"7,8,9,10,11,12,13","4,5","e1g1,a2a3,g5e3,f3d2,f3d2,f2f3,f2f3","e8g8,e8g8"
247,2632,2534,1-0,6,-,5,-,6,5,e1g1,e8g8
246,2534,2517,1-0,-,-,-,-,"14,15",-,"d4d5,e3d4",-
245,2730,2408,1-0,9,-,10,-,"7,8,9",10,"f3e5,e1g1,g2g4",h7h6
243,2685,2505,1-0,-,-,13,-,"10,11,12,13,14,15,15","8,9,10,11,12,13","g2g4,e4d5,a2a4,b2b4,b2b4,b2b4,b2b4","c8e6,e8g8,f6d5,e5e4,f6d5,e8g8"
250,2491,2610,0-1,5,-,5,-,5,5,e1g1,e8g8
251,2504,2438,1-0,5,-,5,-,5,5,c2c4,d7d6
249,2486,2580,1-0,-,14,-,12,14,"10,11,12,12",f1d3,"e7d5,c8f5,e6f5,e6f5"
253,2487,2463,1-0,7,-,7,-,"6,7","6,7","e1g1,e1g1","b7c6,d7d6"
248,2440,2256,1-0,7,-,-,-,7,"8,9,10,11,14",e1g1,"e5d4,d5c3,d5c3,d8d4,e7a3"
252,2254,2400,0-1,5,-,7,-,"4,5",7,"b5a4,e1g1",e8g8
254,2728,2319,1-0,-,9,-,-,9,-,g1f3,-
257,2524,2673,0-1,14,-,8,-,14,8,e1g1,e8g8
255,2602,2505,0-1,5,-,13,-,5,"12,13",c2c3,"a8a7,e8g8"
258,2517,2403,1-0,9,-,10,-,"8,9","9,10","b1d2,b1d2","e8g8,e8g8"
259,2387,2540,0-1,8,-,4,-,"7,8",4,"e4e5,h2h4",d7d5
260,2436,2383,1-0,6,-,6,-,6,6,e1g1,e8g8
262,2573,2389,1-0,7,-,6,-,7,6,h2h3,f6h5
256,2538,2565,0-1,-,-,5,-,"9,10,11,12,13,14,14,15,15",5,"a2a3,a1d1,f4g3,f1d3,c3b5,c3a4,c3a4,e3d4,e3d4",e8g8
264,2444,2540,0-1,8,-,15,-,"7,8","14,15","c4b3,f2f3","d5f6,e8g8"
261,2517,2569,0-1,-,-,-,-,"7,8,9,10,10","9,10","c4b3,f2f3,d1f3,e4e5,e4e5","d8c7,d7e5"
265,2510,2435,0-1,-,10,9,-,"9,10","8,9","f2f4,e1c1","d7d6,b7b6"
267,2387,2445,0-1,8,-,12,-,8,"9,10,11,12",e1g1,"c7c5,d7e5,f6d7,d7c5"
268,2409,2377,1-0,-,7,6,-,7,6,e1c1,e8g8
269,2602,2457,1-0,4,-,10,-,4,10,a2a4,e8g8
266,2335,2458,1-0,7,-,-,14,"6,7","8,9,10,11,12,13,13,14,14","c2c3,h2h3","f7f6,g7g5,g7g5,h5h4,d8d6,g4d7,g4d7,g5g4,g5g4"
270,2860,2854,0-1,6,-,5,-,6,5,d2d4,c7c5
263,2383,2512,0-1,-,13,-,13,13,"4,5,6,7,8,9,10,11,12,13,13",f3h2,"d7d6,f6h5,g6h5,f7f6,c8g4,g7f6,d7f8,d7f6,c8g4,f6d7,f6d7"
271,2516,2589,1/2-1/2,9,-,15,-,"7,8,9","10,11,12,13,14,14,15,15","c4b3,e5d6,e1g1","c6d4,e6b3,e7e6,d6b4,e8g8,e8g8,e8g8,e8g8"
274,2449,2443,1-0,7,-,4,-,7,4,a2a3,b7b6
272,2367,2609,1-0,10,-,9,-,"4,5,6,7,8,10","5,6,7,8,9","b1c3,d2d3,c3d4,c4e2,c3d4,d2b4","e5d4,d7d5,f6e4,c5b6,e4d2"
276,2405,2315,0-1,8,-,13,-,8,13,e1g1,e8g8
275,2226,2427,0-1,11,-,11,-,"8,9,10,11",11,"c3d4,e5f6,d2f3,e1g1",e8g8
278,2682,2683,1-0,13,-,11,-,13,"10,11",e1g1,"b8a6,e8g8"
279,2249,2567,0-1,12,-,13,-,12,"8,9,10,11,12,12,13,13",c1f4,"a6c5,g7g6,g7g6,f8g7,e8g8,c7b7,e8g8,e8g8"
273,2533,2540,1-0,-,15,8,-,"9,10,11,12,13,13,14,14,15,15","5,6,7,8","h4h5,h4h5,e2f4,d1d2,g2f3,g2f3,e3h6,e1c1,e1c1,e1c1","h7h5,d8a5,a5c5,h7h5"
280,2269,2568,0-1,5,-,8,-,"4,5",8,"c2c4,h2h3",d8d7
283,2541,2397,1-0,7,-,7,-,7,7,a2a4,e8g8
282,2339,2519,0-1,6,-,4,-,6,4,d2d4,d7d5
277,2513,2530,1-0,-,-,-,-,"7,8,9,10,11","5,6,7,8,9,10,11,12,13,14,15","e3h6,g1e2,g2g4,e2c1,c3d1","e8g8,b7b5,h7h5,h7h5,d7b6,b5b4,h7h5,f6d7,g7d4,c5d4,f7f6"
285,2422,2426,0-1,9,-,9,-,9,9,e1g1,e8g8
287,2720,2563,0-1,4,-,9,-,4,9,d2d4,e8g8
281,2309,2483,1-0,-,-,-,-,"10,11","11,11,13,13,14,14,15","g2g4,f1b5","d6f4,d6f4,f4d6,f4d6,e8c8,e8c8,f5g6"
286,2540,2404,0-1,14,-,14,-,"13,14",14,"c4d3,d3g6",e8g8
288,2386,2432,1/2-1/2,5,-,5,-,5,5,d2d4,d7d6
284,2399,2462,1-0,-,-,-,-,"9,10,11,11,12,12,13,13,14,14,15,15",-,"b3c2,a4d1,b5e2,b5e2,a4b3,a4b3,e1g1,e1g1,g5h4,g5h4,h4g3,h4g3",-
289,2490,2513,0-1,12,-,12,-,"11,12","10,12","e5g6,d1e2","e8g8,e8g8"
292,2467,2633,1-0,9,-,9,-,9,9,c1e3,e8g8
293,2401,2224,1-0,-,15,14,-,"13,14,15,15",14,"f4d6,c2c3,h3g2,h3g2",e8g8
291,2430,2424,0-1,-,-,-,11,"12,13,14,15","9,10,11,11","f1e2,f1e2,e1c1,b4b5","f6h5,e6d7,e8g8,e8g8"
290,2678,2537,1-0,9,-,-,12,"7,8,9","8,9,10,10,11,11,12,12","e5d6,d3e2,f3d4","c8g4,c5e4,e8c8,e8c8,f6e6,f6e6,e8c8,e8c8"
297,2479,2595,0-1,8,-,4,-,8,4,e1g1,e8g8
296,2437,2482,0-1,13,-,12,-,"11,12,12,13,13","9,10,11,12,12","f2f3,f3e5,f3e5,b5c6,b5c6","g4d7,g4f5,f8b4,f6e4,f6e4"
298,2473,2302,1-0,6,-,6,-,6,6,b1c3,e8g8
295,2410,2411,0-1,-,9,-,-,9,"10,11,12,13,14,15",f1d3,"b5b4,g8f6,c6c7,a4a5,f6e4,d5e4"
299,2570,2382,1-0,4,-,5,-,4,5,d2d4,e8g8
294,2300,2400,0-1,-,12,-,15,"7,8,9,10,11,11,12,12","7,8,9,10,11,12,13,14,14,15,15","b1d2,h2g3,g3g4,c2c4,c2c3,e1c1,e1c1,e1c1","c7c5,c7c5,e8e7,c7c5,b8c6,d8c7,d8c7,g5f6,g5e7,e8c8,e8c8"
301,2610,2308,1-0,4,-,6,-,4,6,c2c4,e8g8
303,2428,2350,0-1,6,-,-,-,6,-,e1g1,-
300,2445,2475,1-0,11,-,7,-,"9,10,11,11","5,6,7","d4c5,f1c4,a1c1,a1c1","e8g8,e8g8,e8g8"
304,2518,2729,0-1,9,-,-,-,9,"13,14,14,15,15",e1g1,"d8e7,f6g4,f6g4,h7h5,h7h5"
302,2513,2675,0-1,-,-,5,-,"8,9,10,11,12,13,13,14,14,15,15",5,"e1g1,e1g1,g5e3,d1c2,d1c2,e1g1,e1g1,e1g1,e1g1,f3e5,f3e5",h7h6
308,2671,2760,1-0,7,-,5,-,7,5,d1a4,d5c4
307,2263,2412,1-0,-,-,-,-,"8,9,10,11,12,13,15,15",-,"e2e4,b7c7,f4c7,e4f5,f5e6,f1c4,c2e3,c2e3",-
306,2436,2516,1-0,13,-,-,-,"7,8,9,10,11,12,13","14,15","d4b3,e4f5,c1g5,g5f6,c3d5,e2f3,c2c4","a8b8,a8d8"
305,2631,2424,1-0,15,-,11,-,"9,10,11,12,13,14,14,15,15","8,9,10,11","b3b6,g5f6,c3d5,d5b6,b6c8,e1g1,e1g1,h4f3,h4f3","e7e6,a7b6,g7f6,e8g8"
311,2451,2240,1-0,11,-,7,-,"8,9,10,10,11,11",7,"e2e3,f1d3,g5f4,g5h4,g2g4,g2g4",g7g6
310,2407,2274,0-1,4,-,-,-,4,"5,6,7,8,9,10",b1c3,"d7d6,d7d6,d7d6,g7g5,h6g5,h8g8"
312,2400,2508,0-1,15,-,-,-,"11,12,13,14,15",15,"f4f5,e3f2,e3f2,e1g1,e1g1",a8b8
314,2789,2664,0-1,5,-,5,-,5,5,d4c5,c5d4
309,2590,2535,1-0,11,-,12,-,"7,8,9,10,11","7,8,9,10,11,12,12","e1g1,b1a3,d4e5,b1a3,f4e5","g4d7,e7e5,c6e5,f8d6,f8d6,e8g8,e8c8"
316,2424,2560,0-1,5,-,6,-,5,6,b1c3,e8g8
315,2498,2623,0-1,9,-,-,-,"8,9","10,11,12,13,14,15","b1a3,e1g1","c5d4,c6d4,e7e6,d6c6,b6d5,a8d8"
313,2520,2306,1-0,-,-,6,-,"8,9,10,11,11,12,12,13,13,14,14,15,15",6,"d4d5,d4d5,a4a5,g2g4,g2g4,h3h4,h3h4,h6g7,h6g7,d3e2,d3e2,c3a4,c3a4",e8g8
318,2475,2438,0-1,10,-,-,-,"8,9,10","11,12,13,14,15","d2f3,d3c2,e1g1","c4b3,b6d8,b6c7,b7b5,c8a6"
317,2755,2590,1-0,-,-,-,-,"9,10,11,12,13,14,15,15","12,14,14,15,15","c3d4,c2d4,c1e3,c1g5,g5e7,d1d2,d3d2,d3d2","e8g8,e8g8,e8g8,e6f5,e6f5"
319,2500,2491,0-1,-,10,10,-,"8,9,10,10","8,9,10","d1e2,c1f4,c4b5,c4b5","e8g8,e8g8,e8g8"
321,2510,2509,0-1,5,-,7,-,"4,5","6,7","b5a4,e1g1","b7b5,e8g8"
320,2404,2301,0-1,8,-,-,-,"7,8","13,14","c4d5,e1g1","d5c3,c6d5"
323,2686,2473,1-0,8,-,7,-,8,7,d4c6,d8b6
324,2552,2533,1-0,9,-,6,-,"8,9",6,"e1g1,c1g5",e8g8
322,2570,2437,1-0,8,-,8,-,"6,7,8",8,"c2c3,e1g1,e1g1",e8g8
325,2476,2401,0-1,-,-,-,13,9,"9,10,13",g4g7,"e7g6,e7g6,a4b5"
327,2205,2470,1/2-1/2,7,-,7,-,7,7,e1g1,e8g8
326,2363,2432,0-1,5,-,7,-,"4,5",7,"b5a4,c2c3",e8g8
329,2356,2529,0-1,6,-,6,-,6,6,a2a3,e8g8
330,2633,2601,1-0,7,-,4,-,7,4,e1g1,d7d5
331,2528,2251,1-0,8,-,7,-,8,7,f2f4,e8g8
328,2240,2497,1-0,12,-,7,-,"11,12,12",7,"h2h4,h2h4,h2h4",e8g8
332,2739,2677,0-1,5,-,9,-,"4,5","7,8,9","b5a4,e1g1","d7d6,e8g8,e8g8"
334,2416,2485,1-0,8,-,6,-,8,6,b1c3,f6d5
335,2448,2508,0-1,13,-,13,-,"11,12,13","11,12,13","c3d4,g5f4,e1g1","e6e5,e8g8,e8g8"
337,2580,2562,0-1,7,-,-,-,7,"13,14,15",d2d4,"h7h5,c8d7,e5e1"
338,2683,2743,0-1,6,-,-,-,6,-,d1e2,-
339,2605,2511,1-0,4,-,8,-,4,8,c2c4,b8d7
333,2540,2293,1-0,-,-,9,-,"11,12,13,14,14,15,15",9,"e5f4,g5f6,e1c1,d6g3,d6g3,d3c4,d3c4",d8b6
342,2397,2472,0-1,8,-,9,-,8,9,c4c5,h7h6
340,2401,2285,1-0,12,-,6,-,"10,11,12",6,"c4d5,e1g1,e1g1",e8g8
336,2470,2644,0-1,-,-,6,-,"6,7,8,9,10,11,12,13,14",6,"d2d4,a1b1,d2d3,h5g6,d2d3,a1b1,f3d4,f2f4,h1h6",b7b6
343,2496,2451,1/2-1/2,10,-,9,-,"9,10","8,9","e3d4,e1g1","f6d7,e8g8"
345,2449,2411,0-1,-,11,4,-,11,4,a2a3,c7c5
344,2638,2496,1-0,-,-,-,-,-,"13,14,15",-,"h4d8,e4b7,g4f3"
346,2700,2764,1-0,-,12,11,-,"10,11,12","6,7,8,9,10,11","f3e5,g2g3,f1e2","e4d2,e4d2,b4d2,c6e5,e7e5,b7b6"
349,2528,2436,1-0,-,-,10,-,-,"9,10",-,"b7b5,e8g8"
347,2471,2497,0-1,11,-,11,-,11,"6,7,8,9,10,11",b2b4,"c5b4,e6d5,b8c6,c5d6,e8g8,c5d6"
341,2442,2676,0-1,-,13,-,14,"7,8,9,10,10,11,11,12,12,13,13","11,12,13,14,14","c1g5,d1e2,d1e2,e1c1,e1c1,f3e5,f3e5,d4e5,d4e5,e1c1,e1c1","d6e5,b8c6,d8e7,c6e5,c6e5"
348,2484,2454,1-0,-,-,7,-,"9,10,11,12,13,14,15",7,"f1d3,h2h4,g2g4,d4d5,h4h5,g2g4,e4e5",a7a6
350,2496,2419,1-0,4,-,12,-,4,"9,10,11,12",c2c4,"d5e4,f6e4,e8g8,d8b6"
352,2548,2521,0-1,8,-,7,-,8,7,d2d4,b8c6
351,2586,2561,1-0,-,-,-,-,-,"13,13,14,14,15,15",-,"b7b5,b7b5,f6d5,f6d5,e7f6,e7f6"
355,2462,2251,1/2-1/2,-,10,11,-,10,11,f3e2,e8g8
356,2428,2373,0-1,11,-,9,-,"10,11,11","8,9","b2b4,b2b4,b2b4","b4d6,e8g8"
357,2336,2503,0-1,8,-,10,-,"6,7,8","7,8,9,10","e4e5,e4e5,e1g1","d7d6,b4c3,b8d7,h7h6"
358,2330,2543,0-1,7,-,15,-,7,"13,14,15",e1g1,"c5d6,c8e6,e8g8"
353,2514,2393,1-0,-,8,-,-,8,"7,8,9,10,11,12,13,14,14,15,15",e1c1,"b8c6,c7c5,g5g4,b7b5,b8d7,a6a5,f5d3,f5d3,f5d3,c7c5,c7c5"
354,2432,2606,0-1,-,-,-,-,"9,10,11,12,13,14","9,10,11,12,13,14,15","e1g1,e1g1,h2h3,f3h4,d4e5,d3f5","h7h6,h7h6,h7h6,d7e5,d6e5,e5c3,h5g6"
362,2525,2405,1/2-1/2,-,8,9,-,8,9,e1c1,e8g8
361,2681,2726,0-1,-,-,-,-,-,"13,14,14",-,"f8b4,e4f2,e4f2"
359,2443,2260,1-0,5,-,11,-,5,"8,9,10,11",d1b3,"h7h6,e8g8,a7a5,e8g8"
360,2550,2610,0-1,5,-,-,-,"4,5","7,8,9,10,11,13","b5a4,e1g1","c8b7,e8g8,f6e4,c6d4,d4b3,d4b3"
364,2448,2275,1-0,10,-,9,-,10,9,e1g1,b4e7
365,2497,2465,0-1,12,-,-,-,"11,12",-,"b2b3,f2f4",-
366,2518,2352,1-0,8,-,8,-,8,8,e1g1,e8g8
368,2367,2447,1-0,8,-,8,-,8,8,b1c3,c7c5
363,2513,2504,1-0,-,14,-,-,"11,12,14,14","14,15","d1e2,e1g1,e1g1,e1g1","e8c8,d5e4"
369,2602,2501,1-0,6,-,-,-,"4,5,6",-,"b1c3,d3e4,e1g1",-
370,2555,2746,1-0,6,-,7,-,6,"6,7",e1g1,"b8c6,h7h6"
372,2444,2377,0-1,12,-,11,-,12,11,a2a3,d8g5
367,2407,2367,0-1,5,-,12,-,"4,5","6,7,8,9,11,11,12,12","b5d7,e1g1","g8f6,g7g6,f8e7,f8e7,e8g8,e8g8,e8g8,e8g8"
375,2478,2508,0-1,6,-,5,-,6,5,e1g1,e8g8
376,2698,2415,1-0,7,-,4,-,7,4,e1g1,e8g8
373,2524,2431,0-1,-,12,12,-,"9,11,11,12,12","11,12,12","e1g1,e2f3,e2f3,e1c1,e3f2","f8e7,b7b5,b7b5"
374,2357,2489,0-1,-,10,12,-,10,"6,7,8,9,10,11,12,12",e1c1,"h7h6,g7g5,d7d5,f6h5,d5e4,e4e3,e8g8,e8g8"
377,2401,2285,0-1,4,-,11,-,4,"10,11",d1e2,"b7c6,c8g4"
378,2260,2505,0-1,8,-,8,-,8,8,b2b3,a7a5
371,2528,2491,1-0,-,-,13,-,"11,12,13,14,15,15","8,9,10,11,12,13","e1g1,c1g5,e1g1,d1e2,e3g5,e3f4","e8g8,e8g8,e8g8,h5f6,d8e7,e8g8"
381,2364,2408,1/2-1/2,6,-,5,-,6,5,b1c3,e8g8
383,2443,2522,0-1,8,-,8,-,8,8,e1g1,e8g8
379,2580,2443,0-1,10,-,5,-,"7,8,9,10","4,5","e1g1,d1d3,e1g1,e1g1","d7d5,c7c6"
384,2358,2569,1-0,12,-,10,-,12,10,e1g1,h7h6
380,2570,2418,1-0,13,-,13,-,"6,7,8,9,12,13","7,8,9,11,12,13,13","e1g1,b1c3,e1g1,e2f3,a2b3,c1d2","d5d7,g4f3,d5c4,c4b3,a7a5,a7a5,a7a5"
385,2557,2576,1-0,9,-,8,-,9,8,d4d5,e8g8
382,2534,2369,1-0,-,11,7,-,"10,11,11",7,"e1g1,e1c1,e1c1",e8g8
389,2533,2455,0-1,-,-,-,-,"14,15",-,"a2a3,f2g3",-
387,2231,2479,1/2-1/2,5,-,-,-,"4,5","10,11,12,13","b5c6,e1g1","e8g8,e8g8,g7f6,e7d5"
386,2539,2423,1/2-1/2,7,-,-,-,7,"12,13,13,14,14,15,15",e1g1,"b6b3,f5e4,f5e4,e4f3,e4f3,b6b3,b6b3"
388,2466,2593,1/2-1/2,13,-,12,-,"12,13","8,9,10,11,12","f3d2,c1b2","d5d8,c6e7,e5e4,e5e4,d6e5"
391,2607,2634,1-0,8,-,6,-,8,6,e1g1,e8g8
390,2518,2479,0-1,14,-,-,-,"10,11,12,13,14","11,12","e5d7,d4c5,d1h5,d1d7,e1g1","d6c5,d8g5"
394,2569,2429,1-0,5,-,4,-,5,4,e3e4,d7d5
393,2339,2453,0-1,-,12,13,-,"11,12,12",13,"c1f4,e1c1,e1c1",e8g8
395,2718,2611,0-1,10,-,8,-,10,"7,8",e1g1,"d7d6,d7d6"
392,2550,2342,1-0,-,-,12,-,-,"9,10,11,12,12",-,"d7d6,e8g8,c8e6,e8g8,e8g8"
396,2507,2379,1-0,7,-,11,-,7,"8,9,10,11",e1g1,"c6b4,b4d3,d8d5,f6d5"
399,2544,2646,0-1,7,-,6,-,7,6,b1c3,e8g8
400,2459,2600,1-0,-,10,10,-,10,10,e1c1,b6c7
398,2416,2574,1-0,-,-,7,-,"12,12,13,13,14,14,15,15",7,"a2a4,a2a4,c3b5,c3b5,e5d6,e5d6,f3d2,f3d2",e8g8
401,2288,2471,1-0,5,-,-,-,"4,5","10,11","f3g5,e4e5","c4d5,d5d7"
397,2569,2542,1-0,-,9,13,-,9,"8,9,10,11,12,13",e1c1,"h7h6,h7h6,b7b5,d7f6,f6d7,e8g8"
402,2470,2290,0-1,12,-,6,-,"10,11,12",6,"d5d6,d5d6,d1c2",d6e5
403,2418,2415,1-0,6,-,5,-,6,5,e1g1,c5e7
405,2502,2544,0-1,-,15,-,14,15,"13,14",e1c1,"e8c8,a7a6"
406,2341,2412,0-1,5,-,5,-,"4,5",5,"b1c3,b1c3",d7d6
407,2206,2402,0-1,-,-,5,-,"7,8,9","4,5","d5b3,e1g1,e5f3","f6d5,c7c6"
408,2309,2476,0-1,-,-,15,-,"13,14,15,15",15,"e2f3,e1g1,a4d1,a4d1",a6c7
409,2562,2576,0-1,10,-,10,-,"7,9,10","7,8,9,10","e1g1,e1g1,e1g1","b4c3,c8f5,f5d3,f5d3"
410,2208,2472,0-1,12,-,15,-,12,"11,12,13,14,15",e1g1,"d7d6,d7d6,e5f3,b6c7,g7b2"
411,2580,2541,1/2-1/2,5,-,4,-,5,4,c2c4,d7d5
404,2416,2259,1/2-1/2,8,-,-,-,"7,8","9,10,11,12,13,14,15","d4b3,f2f4","e8g8,e6b3,c6b4,b7b5,b7b5,d8d7,c7d7"
414,2265,2406,1/2-1/2,6,-,11,-,6,11,b1c3,e8g8
412,2546,2359,1-0,7,-,11,-,"6,7","9,10,11","c3d4,e1g1","f6d7,e8g8,e8g8"
413,2381,2427,0-1,-,-,-,10,-,"5,6,7,8,9,10,10",-,"d7d5,c7c5,c7c5,d8d7,d8d7,f6g4,f6g4"
417,2300,2426,0-1,10,-,9,-,"7,8,9,10","8,9","b2c3,d2d4,e1g1,e1g1","c8d7,a7a6"
418,2430,2253,0-1,12,-,8,-,"9,10,11,12",8,"c1e3,e1g1,c1e3,e1g1",e8g8
415,2505,2365,1-0,15,-,-,9,"9,10,11,11,12,12,13,13,14,15",9,"b1c3,c1f4,f4g3,f4g3,e1c1,e1c1,b5d7,b5d7,a1c1,h2h4",e7b4
416,2528,2358,1-0,7,-,14,-,7,"6,7,8,9,10,10,11,11,12,12,13,13,14,14",d2d4,"b8d7,c8b7,b8d7,e6e5,d5e4,d5e4,e6e5,e6e5,a3b2,a3b2,e6e5,e6e5,f6g4,f6g4"
420,2615,2511,0-1,4,-,9,-,4,"8,9",e1g1,"c5d4,e8g8"
423,2284,2415,0-1,-,-,-,7,-,7,-,e8c8
419,2570,2422,1-0,-,-,6,-,"9,10,11,12,13,14,15",6,"g2g4,c1e3,c1e3,a4a5,f3h2,g4g5,h1g1",h7h6
425,2426,2501,1-0,9,-,7,-,9,7,f2f3,e8g8
424,2762,2331,1-0,-,-,-,-,"11,12,13",-,"d1b3,c4a2,e2c2",-
422,2519,2445,1-0,-,-,-,-,"11,12,13,13,14,14,15","11,12,13,14,14","a3c5,e1g1,a1b1,a1b1,a1b1,a1b1,b1b8","b6c5,c6b4,e8d7,f7f5,f7f5"
426,2200,2475,0-1,8,-,10,-,8,10,f3h4,h7h6
421,2524,2470,1-0,-,15,10,-,"11,12,12,13,13,14,14,15,15",10,"f1e2,e4e5,e4e5,h3h4,h3h4,h3h4,e4e5,h4h5,h4h5",h7h6
427,2664,2614,0-1,5,-,5,-,5,5,e1g1,e8g8
430,2238,2471,0-1,9,-,4,-,9,4,e1g1,d7d5
428,2295,2475,0-1,8,-,10,-,8,"8,9,10,10",a2a4,"e8g8,h7h6,h7h6,h7h6"
429,2497,2584,1/2-1/2,-,-,5,-,"10,11,12,13,14,15",5,"c3d5,e2b5,d5e6,e1g1,g5f7,f4f5",c7c5
432,2317,2529,1-0,5,-,8,-,"4,5",8,"e1g1,d2d3",e8g8
434,2516,2456,0-1,-,-,4,-,-,4,-,e8g8
433,2431,2236,0-1,9,-,10,-,9,10,d1a4,e8g8
435,2400,2706,0-1,-,9,7,-,9,7,e1c1,b8d7
436,2368,2485,1-0,6,-,12,-,6,12,c2c4,b7b6
431,2578,2685,0-1,-,13,9,-,"6,7,8,9,10,11,12,12,13,13","8,9","f3d4,d1f3,e4e5,d2c3,e5f6,c1h6,f4h6,e1c1,h2h4,h2h4","d4c3,d8b6"
437,2467,2223,1-0,6,-,7,-,6,"6,7",e1g1,"e8g8,f6e4"
438,2355,2421,0-1,14,-,10,-,14,10,c4b3,e8g8
441,2409,2406,0-1,-,-,-,-,14,-,b7b8,-
442,2524,2449,1-0,4,-,4,-,4,4,c2c4,e8g8
440,2419,2369,1-0,8,-,7,-,8,"6,7",b1c3,"b4e7,c7c6"
444,2651,2593,0-1,8,-,7,-,8,7,e1g1,e8g8
443,2648,2738,1-0,10,-,5,-,10,"4,5",f4f5,"e8g8,e8g8"
446,2430,2255,1-0,8,-,12,-,8,"11,12",d1a4,"e5f3,e8g8"
445,2678,2611,1/2-1/2,9,-,-,-,9,"13,14,15",c1e3,"e8g8,e8g8,e8g8"
439,2909,2702,1-0,-,14,-,-,"7,8,9,10,11,13,14,14","8,9,10,11,12,13,14,15","g5h4,f2f4,f4g5,d3d2,d3e3,f1e2,h4g3,e1c1","g6g5,f6h7,c6e5,e5f3,c6e5,d4e6,h6g5,d7d6"
448,2703,2712,0-1,6,-,13,-,6,13,e1g1,e8g8
447,2405,2376,1-0,-,-,-,-,"10,11,12,13,14,15","14,15","b5d3,e5d6,e1g1,e1g1,g4e5,h3g4","c8g4,b8d7"
449,2442,2512,0-1,11,-,7,-,"9,10,11,11",7,"g5h4,g1e2,h2h3,h2h3",e8g8
451,2769,2622,1-0,-,-,12,-,"12,13,14,15",12,"f4h5,h5f6,g3e4,g2g4",f6h5
450,2457,2216,1-0,6,-,9,-,"4,5,6","8,9","e1g1,g2f3,e1g1","d5c4,e8g8"
454,2205,2406,0-1,-,12,6,-,"11,12","5,6","g2g4,f1e2","e8g8,e7e5"
452,2493,2677,0-1,14,-,13,-,"8,9,10,11,11,12,12,13,14,14","9,10,11,12,13","e1g1,d1a4,e1g1,c3d5,c3d5,a2c4,a2c4,b2c3,e1g1,e1g1","c8d7,e8g8,b7b5,d5b6,e8g8"
453,2493,2651,0-1,15,-,-,-,"8,11,12,13,15","8,9,10,11","d1e2,d1e2,e1g1,d3e4,e1g1","h4h3,h3h5,f5h3,h5d1"
455,2482,2238,1-0,11,-,-,-,"10,11","11,12,12,13,13,14,15","a1b1,e1g1","f8d6,a8b8,a8b8,d7c6,d7c6,f6h4,h4h3"
458,2403,2527,0-1,4,-,8,-,4,"7,8",b5c6,"c5d4,d7d5"
457,2355,2400,0-1,10,-,5,-,"9,10","4,5","e3d4,e1g1","d7d5,c8f5"
456,2510,2387,1-0,-,-,15,-,"7,8,9,11,12,13,14,15","13,14,15,15","c4b3,c1f4,d1d3,f4b8,a2a4,d6f8,b3a4,c5d6","b5b4,f8d6,e8g8,e8g8"
461,2302,2593,0-1,-,-,11,-,-,"7,8,9,10,11",-,"h7h6,g4f2,f2c5,g4f2,d7c5"
462,2786,2651,0-1,6,-,13,-,6,"10,11,12,13",e1g1,"b7b6,b7b6,b7b6,c6c5"
459,2450,2569,0-1,4,-,12,-,4,"7,8,9,10,11,12",d2d4,"e8g8,e8g8,e8g8,e8g8,e8g8,e8g8"
463,2447,2434,1/2-1/2,5,-,5,-,5,5,d2d4,e8g8
460,2200,2504,0-1,-,-,15,-,"12,13","11,12,13,14,15","e1g1,d3f1","a7a6,a7a5,f4g2,g2f4,c6e5"
465,2449,2520,0-1,-,-,5,-,"13,14,14",5,"d1f3,e1g1,e1g1",h7h6
467,2619,2570,0-1,9,-,11,-,"5,6,7,8,9","10,11","f3d4,d2d3,d2d3,d4c6,d2d3","e4d3,e8g8"
464,2372,2442,0-1,-,-,-,-,-,"7,8,9,10,11,12",-,"d8a5,d8a5,e4c3,b4c3,a5c3,e6d5"
468,2594,2633,0-1,7,-,4,-,7,4,e1g1,d7d5
470,2368,2455,1-0,10,-,9,-,"8,9,10",9,"e1g1,e1g1,c1g5",e8g8
472,2716,2716,1/2-1/2,8,-,11,-,8,11,e3e4,d8c7
466,2408,2342,0-1,11,-,11,-,"5,6,7,8,9,10,11,11","10,11","e4d5,c4b5,e1g1,d4d3,f3d4,c1e3,e1c1,e1c1","c5d4,e8g8"
471,2500,2602,0-1,12,-,9,-,12,"7,8,9",d1c2,"b4c3,e8g8,g7g5"
475,2561,2345,1-0,6,-,6,-,6,"5,6",f3e5,"e8g8,d7d6"
474,2446,2376,1-0,-,-,10,-,"12,13,14,15",10,"f3f4,f3f4,b1d2,e5f6",b7b6
476,2545,2630,1-0,10,-,6,-,"9,10,10","5,6","f1d3,e1g1,e1g1","e6d5,c7c6"
477,2379,2534,0-1,-,8,12,-,8,"8,9,10,11,12",g2g4,"b7b5,d7b6,d7b6,c6c5,c6c5"
469,2536,2666,1-0,-,-,-,-,"6,7,8,9,10,11,12,12,13,13,14,14,15,15",-,"e4e5,h2h4,e4e5,h4h5,e6f7,h4h5,f3d2,a2a4,d4c5,d4c5,f3e5,f3e5,e5g6,e5g6",-
473,2581,2517,1-0,-,11,-,-,"9,10,11","6,7,8,9,10,11,12,13,13,14,14,15,15","f1d3,h5g5,e1c1","f6h5,g6h5,b8d7,d7f6,h7h5,h7h5,f6d7,e8c8,f6d7,d5e4,d5e4,g7e5,g7e5"
478,2537,2338,1-0,-,-,-,-,"10,11,12,13,14,15",15,"c2c3,f2f4,e1f1,e1f1,c3d4,g3e2",e8g8
481,2514,2491,0-1,5,-,6,-,5,6,e1g1,e8g8
480,2547,2470,0-1,8,-,5,-,"7,8","4,5","d4d5,c1e3","e8g8,e8g8"
484,2340,2456,1-0,7,-,4,-,7,4,f4h2,c7c5
482,2580,2610,0-1,9,-,-,6,"5,6,7,8,9","5,6","e1g1,d2d4,d4d5,e2f3,d1d4","d5d7,e7e6"
485,2522,2533,1-0,11,-,10,-,11,10,c4b3,e8g8
479,2549,2567,1-0,-,10,-,-,"6,7,8,9,9,10,10","12,13,13,14,15","d4d3,b5a4,b5a4,b5c6,b5c6,e1c1,e1c1","a8c8,a8b8,a8b8,h6g5,h6g5"
488,2509,2253,1-0,10,-,9,-,10,"6,7,8,9",e1g1,"d8e7,g4e5,c6e5,d7d6"
487,2534,2413,0-1,-,10,11,-,"8,9,10",11,"e1c1,g5h4,g1e2",e8g8
489,2367,2520,0-1,7,-,8,-,"4,5,6,7",8,"b5a4,e1g1,c2c3,c2c3",e8g8
486,2547,2231,0-1,13,-,5,-,"9,10,11,12,13,13",5,"e3e4,f2f4,e3d4,g3h4,g3h4,g3f2",b7b6
483,2585,2510,0-1,-,13,-,-,"10,11,11,12,12,13,13","5,6,7,8,9,10,11,12,13,13,14,14,15","f3e5,f3e5,f3e5,d2e4,d2e4,d4c5,d4c5","e8g8,b8d7,c7c5,a7a6,d8c7,d8c7,c5d4,e8g8,e8g8,e8g8,f6e4,f6e4,e8g8"
492,2517,2379,1-0,11,-,-,-,"10,11",-,"e1g1,a2a4",-
491,2403,2246,0-1,8,-,13,-,8,"10,11,12,13",f2f4,"h7h6,h7h6,b6b2,b2b4"
493,2544,2511,0-1,10,-,-,-,"7,8,9,10",-,"e4g5,d1e2,e2e7,b2b3",-
495,2517,2526,1-0,8,-,-,-,8,9,b2b4,f6d5
497,2393,2450,1-0,-,-,-,-,-,-,-,-
496,2538,2384,1-0,6,-,7,-,6,7,e1g1,d8e7
490,2370,2504,1-0,-,7,12,-,7,"7,8,9,10,11,12",e1c1,"b8d7,c8f5,c8g4,a7a6,d7g4,d7f5"
500,2545,2514,1-0,7,-,6,-,7,6,e1g1,e8g8
498,2574,2365,1-0,-,10,7,-,"7,8,9,10,10",7,"d2d4,d3d4,c3e4,d3d4,a2a4",b7b5
501,2315,2538,0-1,11,-,7,-,11,7,e1g1,a7a6
502,2501,2210,1-0,7,-,11,-,7,"9,10,11",c1e3,"e8g8,e8g8,e8g8"
503,2427,2429,1-0,9,-,12,-,9,"11,12",e1g1,"c7c5,d6e5"
505,2663,2745,0-1,6,-,5,-,6,5,e1g1,e8g8
494,2493,2616,0-1,15,-,-,-,"10,11,12,13,14,15,15","4,5,6,7,8,9,10,11,12,13,14,15","f4g5,g5f6,b5a3,b2a3,e2e3,e2e3,e2e3","e8g8,b8c6,e8g8,d7d5,c7a5,c6e5,a7a6,g7f6,b4c3,b8c7,b8c7,c8f5"
499,2532,2451,0-1,-,15,13,-,"10,11,12,13,14,15","5,6,7,8,9,10,11,12,13","f2f4,e3d4,d4e3,c3b5,f4d6,e1c1","f6h5,h5f6,f6d7,c7c5,b8c6,b8c6,g7d4,e5f4,g7c3"
504,2525,2331,1-0,-,9,7,-,9,7,f1c4,h7h5
508,2496,2443,0-1,7,-,6,-,7,6,e1g1,e8g8
510,2449,2505,1-0,6,-,5,-,6,5,e1g1,e8g8
509,2612,2639,1-0,-,13,-,14,"12,13",14,"e1c1,e1c1",d7c6
512,2509,2370,1-0,-,-,-,-,"5,6",-,"f3d4,d4c6",-
506,2503,2612,0-1,11,-,9,-,"5,6,7,8,9,10,11",9,"b1c3,c2c4,d2d4,a1b1,a1b1,c1b2,e1g1",e8g8
507,2344,2480,0-1,9,-,-,9,9,"7,8,9,9",a2a4,"c6e7,e8g8,h7h5,h7h5"
513,2575,2457,1-0,4,-,6,-,4,6,d2d4,d7b6
511,2203,2434,1-0,-,9,12,-,"8,9","7,8,9,10,11,12","d4f2,g1e2","b8c6,c8e6,e8g8,d8a5,e6a2,f6e4"
515,2836,2567,1-0,9,-,6,-,9,6,c1b2,e8g8
517,2708,2868,0-1,5,-,8,-,"4,5","6,7,8","e1g1,e1g1","e4c5,d7c6,c5e6"
516,2340,2442,1-0,-,8,-,-,8,"8,9,11,12,13,14,15,15",e1c1,"e8g8,f6d5,d8d4,d8d4,c8d7,c8d7,e8e7,e8e7"
520,2366,2437,1-0,6,-,6,-,6,6,a2a4,e8g8
514,2851,2626,1-0,-,-,-,-,"7,8,9,10,11,12",-,"c1d2,f4e3,f3e5,d1e2,f2g3,e4f5",-
518,2472,2298,1-0,13,-,11,-,"4,5,6,7,8,9,10,11,12,13","8,9,10,11","b5c6,a2a4,e1g1,a2a4,c1e3,a4a5,e1g1,b1d2,d2c4,e1g1","b7b6,a8b8,a7b6,e8g8"
522,2600,2708,0-1,5,-,5,-,5,5,d2d4,e8g8
523,2638,2639,1-0,8,-,9,-,"7,8",9,"e1g1,e1g1",e8g8
519,2641,2493,0-1,13,-,-,-,"11,12,13","7,8,9,10,11,12,13,14","d2b3,b3d4,a2a4","c7c5,d8b6,e8g8,a5b6,a5b6,e8g8,a5a4,c6d4"
524,2502,2555,1/2-1/2,6,-,5,-,"4,5,6",5,"b1c3,d2d3,e1g1",d7d6
521,2296,2405,0-1,-,13,8,-,"7,8,9,10,11,12,12,13,13",8,"c3c4,b1c3,f2f3,g2g4,d1d2,e1c1,e1c1,e1c1,e1c1",f6d7
526,2610,2666,1-0,-,-,10,-,-,10,-,c5c4
528,2400,2380,1-0,5,-,9,-,5,9,c2c3,h7h6
525,2602,2603,1-0,10,-,13,-,10,"12,13,13",c1e3,"a8b8,h7h5,e8g8"
529,2525,2514,0-1,12,-,9,-,"11,12",9,"e5d3,d3f4",c8f5
530,2573,2230,1-0,8,-,8,-,8,8,d1e2,e8g8
527,2668,2617,0-1,5,-,8,-,"4,5","5,6,7,8","b1c3,b1c3","d7d6,d7d6,e8g8,e8g8"
532,2648,2548,1-0,-,7,6,-,7,6,e1c1,e8g8
533,2315,2443,0-1,7,-,-,10,7,10,e1g1,g8h6
534,2432,2615,0-1,7,-,10,-,7,10,d4c5,d8c7
536,2736,2664,0-1,10,-,10,-,"7,8,9,10",10,"c4b3,c3d4,h2h3,b1c3",c8f5
531,2750,2673,0-1,13,-,-,-,"9,10,11,11,12,12,13,13",9,"b1c3,b1d2,d3b3,a1c1,d2c4,d2c4,d3b3,d3b3",h8h6
538,2293,2408,1-0,12,-,-,15,12,"13,14,15",e3e4,"e8c8,d7e5,d5c4"
537,2529,2297,1-0,-,-,-,-,"10,11,12,13,14","10,11,12,13,14,14,15","f1e2,e4d5,f1e2,f1e2,b7a5","f6d5,e6f5,b7b6,d8b8,c7c2,c7c2,f5c2"
539,2618,2330,1-0,-,12,7,-,"8,9,10,11,12,12",7,"c4b3,f2f3,e3d4,d1d3,e1c1,e1c1",e8g8
540,2548,2483,0-1,9,-,8,-,9,8,c1f4,c7c5
541,2638,2545,1-0,6,-,-,-,6,"14,15",e1g1,"h7h5,f6h5"
535,2513,2445,0-1,-,-,11,-,"8,9,10,11,12,13,14,15","8,9,10,11","d2f1,d3e4,g2g3,d1c2,e1g1,d1b3,d1b3,e1g1","e5e4,f5e6,f6e4,e6h3"
543,2210,2412,1-0,6,-,-,-,6,"11,12,13,14,15",a2a4,"e8g8,h7h5,e8g8,a5a4,d6d5"
545,2524,2360,1-0,6,-,7,-,"4,5,6",7,"b5a4,a4b3,e1g1",e8g8
546,2462,2221,1-0,8,-,9,-,"7,8",9,"e1g1,e1g1",e8g8
548,2486,2486,1-0,9,-,8,-,9,8,h2h3,b4d6
542,2430,2696,0-1,-,-,13,-,"11,12,14","8,9,10,11,11,12,12,13,13","b2b3,f4e5,d1c2","f6h5,f6h5,b6a5,a7a5,g7g5,e8c8,b6d8,b6c7,b6c7"
549,2432,2595,0-1,9,-,9,-,9,9,a2a3,a7a5
550,2580,2503,1-0,11,-,9,-,"10,11",9,"e1g1,e1g1",e8g8
547,2882,2723,1-0,8,-,-,-,"6,7,8","10,11,12,13,14","c4b3,e5d6,e1g1","b6d5,b6d5,e7e6,c5d4,c6d4"
552,2738,2534,0-1,8,-,4,-,8,4,e1g1,c7c5
553,2308,2496,1/2-1/2,-,12,-,13,"11,12,12",13,"c1f4,e1c1,e1c1",f8e7
544,2502,2500,1-0,-,11,-,-,"8,9,10,11,11","8,9,10,11,12,13,14,15","f3e5,c1g5,d1f3,c3e4,c3e4","h8f8,d8d6,e8g8,d8e7,g7h6,f6d5,f6d5,d7e5"
556,2400,2307,1-0,-,-,11,-,-,"10,11",-,"f7f5,f7f5"
555,2607,2475,1-0,9,-,9,-,"7,8,9",9,"b1a3,e4e5,e1g1",f6h5
551,2529,2696,0-1,-,-,7,-,"8,9,10,11,11,12,12,13,13,14,14,15,15",7,"c4b3,f2f3,h2h4,e3d4,e3d4,h2h4,h2h4,h4h5,h4h5,b3d5,b3d5,d4f6,d4f6",e8g8
554,2470,2265,1-0,10,-,9,-,"9,10,10","4,5,6,7,8,9","f1e2,e1g1,e1g1","e8g8,f6d5,e8g8,d8d5,d8d5,c8f5"
559,2467,2435,1-0,7,-,8,-,7,"6,7,8",e1g1,"b4d2,b4d2,e8g8"
560,2557,2400,1-0,10,-,9,-,"9,10,10",9,"c4c5,c4c5,c4c5",e6e5
557,2810,2716,0-1,-,9,-,-,9,"10,11",e1c1,"g7g6,f8e7"
558,2452,2204,1-0,8,-,8,-,"6,7,8",8,"b2c3,c1e3,d4f2",e4c2
564,2445,2365,1/2-1/2,-,-,11,-,"14,15",11,"f3e5,c3d4",e8g8
563,2435,2443,0-1,8,-,11,-,8,"10,11",e1g1,"d6e5,e8g8"
561,2445,2280,0-1,13,-,7,-,"6,7,8,9,10,11,12,13",7,"d4e2,b1c3,b1c3,e1g1,e1g1,g5e6,f4h2,e1g1",b8c6
566,2515,2456,0-1,-,-,6,-,-,"5,6",-,"e8g8,c8e6"
565,2420,2586,1-0,7,-,8,-,7,8,e1g1,h7h5
562,2551,2572,1-0,-,-,-,-,-,"10,11,12,13,14,14,15,15",-,"d4e5,e5f4,e5d5,e6e5,f6e4,f6e4,g2f3,g2f3"
568,2614,2732,0-1,5,-,7,-,5,7,c2c4,e8g8
571,2430,2236,1-0,9,-,5,-,"8,9",5,"d4d5,h2h3",d7d5
567,2670,2573,1-0,-,-,-,-,-,"7,8,9,10,11,12,13,14",-,"g4e2,g7g6,g7g6,g8e7,g8h6,c5b6,b6c7,g8e7"
570,2306,2451,1-0,8,-,9,-,"5,6,7,8",9,"e4d5,c4b3,b5a4,c2c4",h7h6
572,2655,2542,1-0,7,-,-,-,7,-,e1g1,-
575,2501,2377,1-0,4,-,-,-,4,"13,14,15",b5c6,"e8g8,d6e5,e7c8"
569,2528,2358,0-1,-,-,8,-,"9,10,11,12,13,14,15","6,7,8","h2h4,g3g4,g2h3,d3d4,c1e3,e2d4,a1c1","f6g4,a7a5,c6c5"
574,2472,2357,0-1,-,-,-,-,"7,8,9,10,11","11,12,13,14,15","c1e3,h2h4,e4d5,f2f4,c1e3","e7h4,b8c6,e8g8,h4e7,f6e5"
578,2227,2419,0-1,6,-,5,-,6,5,e1g1,d7d6
577,2527,2468,1-0,10,-,10,-,10,"9,10",d1b3,"b7b6,c8g4"
579,2455,2432,1-0,7,-,4,-,7,4,e1g1,e8g8
576,2549,2457,0-1,-,-,5,-,"7,8,9,10,11,12,13,14",5,"e1g1,e1g1,d3a6,h5g6,f3d4,f4e5,d1f3,e1g1",e8g8
573,2581,2392,0-1,9,-,-,-,"8,9","6,7,8,9,11,12,12,13,13,14,14,15,15","a2a4,f3h4","h7h6,c7c6,e8g8,g7g5,a7a5,f6g4,f6g4,h6h5,h6h5,g5c1,g5c1,h6h5,h6h5"
580,2410,2368,1-0,8,-,10,-,8,"8,9,10",g2g4,"e8g8,d8c7,d8c7"
584,2469,2519,1-0,5,-,7,-,5,7,e1g1,e8g8
583,2467,2543,0-1,7,-,-,-,7,"12,13,14,15",d1e2,"b8c6,e8d7,b6b5,e8d7"
582,2426,2541,1-0,9,-,15,-,"5,6,7,8,9",15,"e4e5,c4b5,f3d4,b5c6,e1g1",e8g8
581,2462,2494,1/2-1/2,5,-,-,13,"4,5","6,7,8,9,11,12,12,13,13","b5a4,e1g1","b7b5,d7d5,d8d5,e5d4,c8g4,d5h5,d5h5,e8c8,e8c8"
588,2510,2586,0-1,5,-,7,-,"4,5",7,"b5a4,e1g1",d7d6
586,2693,2557,0-1,10,-,-,-,10,"13,14,15",a2a4,"d8b6,e7c6,e7c6"
585,2644,2648,1-0,10,-,11,-,"5,6,7,8,9,10",11,"b5c4,c3e2,e1g1,d1b3,e2c3,d1a4",b6c7
589,2403,2520,0-1,6,-,5,-,6,5,d2d4,d7d5
590,2413,2273,1/2-1/2,6,-,10,-,6,"8,9,10",d2d4,"e7c5,e8g8,e8g8"
587,2202,2412,0-1,7,-,14,-,"6,7","6,7,8,9,10,11,12,13,13,14,14","d1d3,c3a4","g4f3,g4f3,b6d4,d7e5,d4e5,d7e5,d7c5,b4a5,b4a5,a5c7,a5c7"
591,2312,2453,0-1,-,-,-,6,"7,8,9,10",6,"c1d2,d4d5,a2a3,h3g4",e8c8
593,2554,2561,1/2-1/2,-,11,-,-,11,7,g5e3,b7c6
594,2674,2643,1-0,7,-,8,-,7,8,e1g1,c8e6
596,2314,2609,0-1,11,-,13,-,11,13,e1g1,e8g8
595,2381,2402,0-1,-,-,5,-,-,"4,5",-,"e8g8,e8g8"
597,2450,2565,0-1,7,-,8,-,7,8,e1g1,d7d5
592,2418,2313,1-0,13,-,7,-,"11,12,13","4,5,6,7","e2c3,c4d5,e1g1","e8g8,e8g8,b4a5,e8g8"
598,2372,2503,1/2-1/2,7,-,5,-,7,"4,5",d4d5,"e8g8,e8g8"
601,2263,2507,0-1,7,-,5,-,7,5,e1g1,b8c6
602,2452,2504,0-1,8,-,7,-,8,7,f3e5,d8e7
600,2548,2462,1-0,-,-,5,-,"14,15",5,"f4e5,f3e5",e8g8
603,2532,2477,1-0,11,-,11,-,11,11,c1f4,e8g8
604,2759,2811,1/2-1/2,5,-,9,-,"4,5","7,8,9","b5c6,a2a4","e8g8,g4f3,d8d6"
606,2438,2502,0-1,7,-,10,-,7,"8,9,10",e1g1,"c6b8,e8g8,e8g8"
605,2408,2372,0-1,4,-,11,-,4,"6,7,8,11",b1c3,"e5d4,a7a6,e7d5,e8g8"
607,2356,2502,0-1,8,-,4,-,8,4,h2h3,c7c5
610,2379,2545,1-0,6,-,7,-,"5,6",7,"e1g1,d2d4",d7d5
608,2403,2542,1-0,13,-,-,-,"9,10,11,12,13","14,15","d3c3,e1g1,c3g7,c1h6,c1g5","f6h6,f8g8"
611,2485,2539,0-1,-,-,-,11,-,"10,11,11",-,"e6f5,e6f5,e6f5"
609,2448,2540,0-1,-,10,5,-,"7,8,9,10",5,"e3g5,h2h3,e1c1,e1c1",c7c6
612,2333,2504,1/2-1/2,7,-,6,-,7,"5,6",e1g1,"d7d6,a7a5"
613,2311,2530,0-1,13,-,7,-,"11,12,13",7,"f3d4,f3d4,f3d2",e8g8
615,2474,2457,0-1,7,-,6,-,7,6,e1g1,c8e6
599,2416,2504,0-1,-,11,-,-,"6,7,8,8,9,9,10,10,11,11","6,7,8,9,10,13,14,15","h2h4,d1d2,h2h4,h2h4,h4h5,h4h5,h5h6,h5h6,d4d5,d4d5","d7d5,d6d5,h7h5,b6b5,g7f8,h6g7,h7h5,g5f4"
617,2570,2494,0-1,-,-,9,-,8,"7,8,9",d4c5,"d5e4,d8d1,e8g8"
614,2394,2449,0-1,11,-,11,-,"9,10,11","9,10,11","a1c1,e1g1,e1g1","c8d7,c6e5,e8g8"
618,2451,2504,1-0,13,-,12,-,"13,13","11,12","f3d4,e1g1","b4c5,d4d3"
620,2379,2514,0-1,9,-,8,-,"8,9",8,"e1g1,e1g1",e8g8
621,2804,2826,1-0,-,-,-,-,"14,15",-,"c1g5,c2c3",-
622,2345,2424,1-0,10,-,10,-,10,10,b2b4,e8g8
619,2493,2486,1-0,14,-,6,-,"12,14",6,"c4c2,e1g1",c7c5
625,2339,2449,0-1,9,-,7,-,"8,9",7,"c4d5,e1g1",d5c4
623,2564,2686,0-1,6,-,-,-,"5,6","6,8","f3e5,e1g1","e8g8,e4d2"
616,2467,2264,1-0,15,-,-,-,"6,7,8,9,10,11,12,13,14,14,15,15",15,"c2c3,h2h3,d2d4,d2d4,d2d4,e1g1,d1c2,d4c5,e3d4,e3d4,b3d1,e2d3",b4d2
624,2490,2537,0-1,-,8,-,-,8,"8,9,10,11,12,13",d2d4,"a7a5,f5g6,f5g6,c6d5,c6d5,c6d5"
627,2744,2625,1-0,10,-,-,9,"5,6,7,8,10",9,"f3e5,e5d7,e1g1,b2c3,a1b1",g7g6
628,2513,2501,1-0,8,-,13,-,8,"9,10,11,12,13",e1g1,"f5g6,d8d7,d5c3,c6d5,e8g8"
630,2537,2497,0-1,9,-,13,-,"7,8,9","12,13,13","d3e4,e4d3,d3f5","h7h6,d6e7,d6e7"
631,2593,2527,1-0,6,-,7,-,6,7,e1g1,c8e6
626,2427,2369,1/2-1/2,-,-,-,-,"7,8,9,10,11,12,13,14,15","5,6,7,8,9,10,11,12,13","f3g5,e4e5,e4e5,e4e5,e4e5,e5e6,g5f7,f7h8,e2d3","h7h5,e8g8,d8b6,d8a5,d8c7,e8g8,d6e5,d7b6,d8c7"
629,2495,2257,1-0,-,14,5,-,"10,11,12,14,14",5,"f5g6,f5g6,f3g4,e1g1,e1g1",d7d5
634,2623,2564,0-1,6,-,5,-,"5,6",5,"e1g1,e1g1",e8g8
633,2690,2735,0-1,10,-,10,-,"9,10","8,9,10","e3d4,e1g1","e8g8,e8g8,e8g8"
636,2619,2388,0-1,5,-,7,-,5,7,d2d4,d7d5
632,2620,2519,0-1,-,-,-,12,-,"6,7,8,9,10,11,12,12",-,"d5c4,b7b5,b8c6,d8d2,b8c6,c8e6,e8c8,e8c8"
635,2769,2748,1/2-1/2,-,-,4,-,"11,12,13,14,15",4,"b2b4,c4d5,e1g1,c3e4,c2e4",e8g8
638,2411,2308,1-0,-,-,9,-,15,9,d2f3,e8g8
637,2526,2377,1/2-1/2,9,-,9,-,"7,8,9",9,"c2c3,e4f6,e1g1",c6f3
639,2489,2214,1-0,7,-,5,-,7,"4,5",e1g1,"d7d5,e8g8"
640,2449,2520,0-1,7,-,6,-,"6,7",6,"f3d2,g5f6",d7d6
643,2424,2470,0-1,9,-,-,-,9,-,e1g1,-
642,2501,2617,1/2-1/2,14,-,15,-,"13,14",15,"d5e6,e1g1",e8g8
645,2414,2267,1-0,7,-,6,-,7,"5,6",h2h3,"d7d6,e8g8"
646,2585,2313,1-0,6,-,8,-,6,"7,8",d2d4,"c5d4,e8g8"
647,2282,2457,0-1,9,-,5,-,"7,8,9",5,"e1g1,c1e3,d4e5",e8g8
644,2404,2359,0-1,5,-,11,-,"4,5","6,7,8,9,10,11,11","c2c3,d2d4","h7h6,a7a6,c5a7,e8g8,g7g5,e8g8,e8g8"
641,2422,2512,1-0,-,-,-,-,"9,10,11,11,12,12,13,14,15","13,14,15,15","f1c4,g1e2,e2g3,e2g3,e1g1,e1g1,e5f6,g5e3,e1g1","g7f6,a8c8,f5g6,f5g6"
648,2500,2498,1-0,12,-,11,-,"8,9,10,11,12",11,"c1e3,d3f5,c2c3,e1g1,d1e2",a7a5
650,2522,2533,0-1,-,-,4,-,-,4,-,d7d6
