AvgWhiteCentralization,AvgBlackCentralization,AvgWhiteCentralizationWins,AvgBlackCentralizationWins,AvgBlackControl,AvgWhiteControl,AvgBlackControlWins,AvgWhiteControlWins
0.8353695520318863,0.0,0.8566235277010325,0.0,0.0,1.3967160558010572,0.0,0.8566235277010325
0.8353986135181976,0.2753466204506066,0.8567272727272728,0.33013803680981596,1.3433275563258231,1.3967504332755634,1.3404907975460123,0.8567272727272728
1.025435479677615,0.2544847907097669,1.0656,0.3158096699923254,1.3220816361903112,2.8089522488950514,1.3257866462010743,1.0656
1.0039431493196984,0.42183031458531933,1.0424727272727272,0.4577897160399079,2.534708380275587,2.7785336684288064,2.5080583269378356,1.0424727272727272
1.1966545328479805,0.3828653146125845,1.2481454545454544,0.41551459293394777,2.4925463685214075,4.001473392269024,2.46505376344086,1.2481454545454544
1.0397035239044687,0.5827662433357895,1.088646288209607,0.6063748079877113,3.133067487321746,3.858046898704001,3.221582181259601,1.088646288209607
1.306111833550065,0.4199826614651062,1.3689956331877728,0.46868997310795235,3.0664065886432597,4.362071954919809,3.1409911640414907,1.3689956331877728
1.210362020377195,0.5410362020377195,1.2820101966496722,0.6019976949673453,3.740906134836332,4.255191849122046,3.7925470610833654,1.2820101966496722
1.33048605992282,0.46065125959328795,1.4032046613255644,0.5182622068435218,3.6348263452282876,4.9513506482244285,3.6920415224913494,1.4032046613255644
1.2717023675310033,0.5302662388344462,1.343677156177156,0.6020761245674741,4.178388691353742,4.829069464920648,4.222606689734717,1.343677156177156
1.350028186115086,0.47682234074844976,1.4226398601398602,0.551923076923077,4.06283335501496,5.362213260483067,4.102307692307693,1.4226398601398602
1.2946660884648742,0.583824804856895,1.3698091213754917,0.64,4.5662185602775365,5.242627927146574,4.6292307692307695,1.3698091213754917
1.3386970853573907,0.5301006245662734,1.421535771528486,0.5843605546995377,4.446781748785566,5.700685287994449,4.4946070878274265,1.421535771528486
1.2653220559531555,0.6176100628930817,1.352666860973477,0.6752696456086287,4.781175450010844,5.572327044025157,4.845916795069337,1.352666860973477
1.3375699475122544,0.5456122847351754,1.4188283299329643,0.6067848882035466,4.655619659046545,5.847612024465362,4.723207401696222,1.4188283299329643
1.2751724437117695,0.6284759880265498,1.360204081632653,0.686969930609098,4.953798099865516,5.731985597154137,5.003469545104086,1.360204081632653
1.334779590419993,0.5656022214508851,1.4144314868804664,0.6287147819374759,4.817077403679278,5.938649774383895,4.864145117715168,1.4144314868804664
1.2611185837636134,0.6511042651972057,1.3456268221574343,0.7028174450019298,5.042868920032976,5.806655963899857,5.05712080277885,1.3456268221574343
1.3181897075414388,0.5824871995140154,1.4026239067055393,0.6451737451737452,4.900633515577541,5.9817321877983165,4.925482625482625,1.4026239067055393
1.243447318173928,0.6756205519875021,1.330806239976673,0.7162162162162162,5.090956431175143,5.8391772261760115,5.12007722007722,1.330806239976673
1.2997699752614904,0.6036630354585304,1.3777518588715556,0.6648627754155393,4.941495594809253,5.9930124560565945,4.979512949362196,1.3777518588715556
1.2290463995833152,0.6859672728851078,1.3089822105570137,0.7394665635871666,5.1233126437779415,5.848517730804288,5.151526865094704,1.3089822105570137
1.2837609063680167,0.6164431132525936,1.363225430154564,0.6854932301740813,4.965490298215913,5.967139818552763,4.997678916827853,1.363225430154564
1.2188503950681602,0.6913258661109664,1.3061551925320887,0.7516441005802708,5.129070070330815,5.832725536163932,5.165183752417795,1.3061551925320887
1.2690754331871281,0.6277413471142572,1.3499124854142357,0.7009671179883946,4.9784166413340865,5.929256959221783,5.029787234042553,1.3499124854142357
1.2022149837133551,0.7031487513572204,1.2898614150255288,0.7667311411992263,5.125515743756786,5.791965255157438,5.158220502901354,1.2898614150255288
1.2493482794577686,0.6431178310740354,1.3261852662290299,0.7167764432390547,4.97075947167188,5.883776503302051,5.021697016660209,1.3261852662290299
1.1889637193134912,0.7087117097545079,1.275021885030639,0.7776055792328554,5.1090158592222465,5.734955463827938,5.178225493994575,1.275021885030639
1.2356801390699697,0.6501955671447197,1.3190837467172454,0.7267441860465116,4.9522381573229035,5.81838331160365,5.046511627906977,1.3190837467172454
1.1728529207232268,0.7206623783031989,1.2639719830731067,0.787984496124031,5.080363351877608,5.673244089012518,5.175581395348837,1.2639719830731067
1.2176483373179743,0.6626385568354706,1.2959287903108128,0.7406976744186047,4.922582047381004,5.746533362312541,5.030232558139535,1.2959287903108128
1.163913043478261,0.7263478260869565,1.250620347394541,0.8003875968992248,5.056391304347826,5.604913043478261,5.1647286821705425,1.250620347394541
1.2002261459511177,0.674436809602505,1.2833163041891695,0.7541682822799535,4.897973384361138,5.671740454031487,5.03101977510663,1.2833163041891695
1.14487079091621,0.732793874532324,1.2354315758726448,0.8092283830942225,5.023623074915165,5.518489515357174,5.158976347421481,1.2354315758726448
1.1845162974890118,0.6813177248792376,1.2703373740324229,0.7660069848661234,4.861830366856696,5.604290874276513,5.030267753201397,1.2703373740324229
1.13031556039173,0.742633297062024,1.221735319894829,0.8199456732634847,4.984156692056583,5.454102285092492,5.115638339154055,1.221735319894829
1.1666666666666667,0.6907871821664925,1.2510955302366344,0.7729037267080745,4.824538488331592,5.533873214907698,4.979037267080745,1.2510955302366344
1.116860490439479,0.7438041726556035,1.2040040917726142,0.8190993788819876,4.944335554684438,5.384729300056622,5.073369565217392,1.2040040917726142
1.1510371274185114,0.6986665504619138,1.2389302937308198,0.782608695652174,4.784730695485445,5.458907094300157,4.937111801242236,1.2389302937308198
1.1044509350887135,0.7450193992763416,1.1926618915363252,0.8214285714285714,4.897336413967479,5.30232355377305,5.040760869565218,1.1926618915363252
1.1389131193300768,0.7005408234473133,1.2246747551527555,0.7863247863247863,4.731681786461968,5.3784891835310535,4.921134421134421,1.2246747551527555
1.0897072298093284,0.7553558183166805,1.18180488518356,0.8445998445998446,4.839783585671277,5.226318774815655,4.983682983682984,1.18180488518356
1.1218298485311449,0.7108123444934306,1.2091560626005557,0.8064516129032258,4.677550307739317,5.313850451787507,4.860085503303536,1.2091560626005557
1.0767819706498951,0.7572501747030049,1.1685442574981713,0.8514774494556765,4.786600279524808,5.160683088749127,4.961897356143079,1.1685442574981713
1.1040073416947078,0.7145916182318752,1.1862472567666422,0.8175097276264591,4.6187125813923,5.221605558711707,4.849416342412451,1.1862472567666422
1.059379099256668,0.7587232181897683,1.14519906323185,0.8649805447470817,4.727896808045474,5.067293397463927,4.962645914396887,1.14519906323185
1.0885710536674977,0.7155666360495123,1.1764016981408285,0.8322304398598677,4.567510825351004,5.128854481039234,4.819384974698326,1.1764016981408285
1.0477545303335376,0.7560185590475357,1.1379815438699283,0.8602569093032308,4.671452333012343,4.975094108377834,4.900739587388089,1.1379815438699283
1.0789980732177264,0.7160623576808548,1.1689624853458382,0.8279486181393538,4.510991417060781,5.040112103695919,4.778513040093421,1.1689624853458382
1.037858206993252,0.7568574182806065,1.1316715542521993,0.8664850136239782,4.612873543072474,4.888002804311629,4.863760217983652,1.1316715542521993
1.0643408134642356,0.7180487377279102,1.154590789087709,0.8321651090342679,4.455645161290323,4.954987727910239,4.7503894080996885,1.154590789087709
1.026319252533228,0.7534763346054305,1.119994132316268,0.8679392286716011,4.543536430232048,4.806904417247884,4.8118426178418385,1.119994132316268
1.0499209694415175,0.716192483315771,1.1423539771059583,0.8377535101404057,4.392606252195293,4.863935721812434,4.698517940717629,1.1423539771059583
1.0127850270199024,0.7519441149334388,1.1051549419885445,0.8709048361934477,4.479196871842186,4.717674970344009,4.746099843993759,1.1051549419885445
1.0331443140357819,0.716646885577388,1.120005875440658,0.8412636505460218,4.330563980834323,4.783946547100972,4.64820592823713,1.120005875440658
0.9977560718057022,0.7509679690249912,1.0858192505510653,0.8669527896995708,4.416358676522352,4.643919394579373,4.733515411627,1.0858192505510653
1.0210085884166482,0.7160096894957058,1.1062610229276897,0.833008193523215,4.268090728914336,4.707993833957278,4.593445181428014,1.1062610229276897
0.9863333774192127,0.7476083410483622,1.0729411764705883,0.8594847775175644,4.342415024467663,4.568134726447119,4.657689305230289,1.0729411764705883
1.0032662429378532,0.7139830508474576,1.092099455642195,0.828515625,4.198887711864407,4.624470338983051,4.532421875,1.092099455642195
0.9690343669935507,0.749271137026239,1.0618283527160313,0.8670836591086787,4.270871985157699,4.483479105928086,4.610633307271305,1.0618283527160313
0.9916843595187544,0.7148796886058033,1.080253276395229,0.8334636434714621,4.133359872611465,4.534943382873319,4.498045347928069,1.080253276395229
0.9569435215946844,0.7452048726467331,1.048040082522841,0.849706457925636,4.206068660022148,4.403676633444075,4.548336594911937,1.048040082522841
0.9748003549245785,0.7131322094055014,1.0712809917355373,0.82203057624461,4.064196983141082,4.448402839396628,4.417875343002744,1.0712809917355373
0.9414482452243448,0.7445579742336739,1.0367744793974303,0.8524332810047096,4.135095513105287,4.318258551754775,4.4882260596546315,1.0367744793974303
0.9590411811794005,0.7126656586320377,1.0487660706369144,0.8240377062058131,3.9996442230721336,4.35893444810104,4.359387274155538,1.0487660706369144
0.9280751759152044,0.7392446780083727,1.017748853719864,0.8577044025157232,4.069831655829696,4.229758617618241,4.412735849056604,1.017748853719864
0.945319120467419,0.7077293608670443,1.033165531536867,0.8283464566929134,3.9412604254939567,4.2621203336158064,4.305511811023622,1.033165531536867
0.9144095825511754,0.7351836953606865,1.00355871886121,0.8584942845880962,4.011039599535175,4.144051130776795,4.380370516357903,1.00355871886121
0.9260966875559534,0.7064010743061773,1.0117297698589458,0.8338595106550908,3.895434198746643,4.187018800358102,4.268745067087608,1.0117297698589458
0.8982594652790239,0.7292302171182486,0.9842355740630577,0.8463665086887836,3.9592230396554817,4.076709133321371,4.334913112164297,0.9842355740630577
0.914371013706066,0.701361559686977,0.9997020706092656,0.8242975860704392,3.8352558013298954,4.11218166191704,4.228333992876929,0.9997020706092656
0.88829883805374,0.721677559912854,0.973593913173206,0.8513674197384067,3.8938362381989835,4.000862381989833,4.265160523186682,0.973593913173206
0.8982371429872911,0.696123536646472,0.987143070713111,0.8318127727092424,3.78412973169954,4.0416799526260645,4.142403808012693,0.987143070713111
0.8732001645563834,0.7136261827490058,0.9622584993260447,0.8418124006359301,3.844311377245509,3.929972116835032,4.1895866454689985,0.9622584993260447
0.8881446136905854,0.6865938704349422,0.9779378658262045,0.8197373656983685,3.731143329051202,3.9677004955037622,4.082769598089932,0.9779378658262045
0.8619942862408995,0.7096580960280159,0.9505783385909569,0.8448344635021938,3.7812183208920835,3.865680582434799,4.143199042680495,0.9505783385909569
0.8727255891476458,0.6835038659197185,0.9593618302227573,0.8169464428457234,3.6760961155609055,3.8997638779573127,4.0427657873701035,0.9593618302227573
0.848685129159879,0.7002559925529439,0.9349728424864212,0.8358089120835006,3.7296253199906912,3.799394926693042,4.095543958249699,0.9349728424864212
0.8593947331493522,0.6758969081809252,0.940562613430127,0.815112540192926,3.622994527339913,3.8505075073670425,4.013665594855305,0.940562613430127
0.8371534804913635,0.6924271661881677,0.9179036655558922,0.8137373737373738,3.6585400291805903,3.7528592271850143,4.058585858585858,0.9179036655558922
0.8516637394977927,0.6682963877153842,0.9350965192278462,0.7910931174089069,3.5604025252764986,3.781933830160915,3.963157894736842,0.9350965192278462
0.8281361921589226,0.6812473138818586,0.9095339628388669,0.8149654331028874,3.600401126975789,3.6928035910414976,3.9983733224888165,0.9095339628388669
0.8412293780962916,0.6574479342022991,0.9215116279069767,0.7871993477374644,3.50233274012794,3.718628252609302,3.9070525886669385,0.9215116279069767
0.8195324977012051,0.670764167836229,0.8995860800245286,0.7933715220949263,3.543628708319218,3.6291438803658713,3.9856792144026185,0.8995860800245286
0.8313094367227506,0.649743964886613,0.9054366240566765,0.7767747230201066,3.451255791270422,3.6656912948061446,3.90274928190398,0.9054366240566765
0.8131641086186541,0.6637150728059819,0.8857628690678621,0.7887788778877888,3.4929161747343564,3.591056670602125,3.974009900990099,0.8857628690678621
0.8244248314161047,0.64289964299881,0.9011962094143234,0.7704714640198511,3.411195953986513,3.6203391511305036,3.893300248138958,0.9011962094143234
0.8065016254063516,0.656064016004001,0.8838226108682073,0.7858032378580324,3.4509627406851715,3.5436359089772442,3.9302615193026154,0.8838226108682073
0.8147849326811558,0.6362765367354143,0.8821131838846215,0.7652933832709113,3.3711865261459333,3.564721900055469,3.8647523928422807,0.8821131838846215
0.798026048026048,0.6483516483516484,0.8668029564396917,0.7778242677824267,3.399114774114774,3.4914021164021163,3.872803347280335,0.8668029564396917
0.8068374313433602,0.62943380729942,0.8734377471919,0.7568248635027299,3.31558954879113,3.5288742877675685,3.7946241075178495,0.8734377471919
0.7886360101612317,0.6435273990357199,0.8553029098425823,0.7768839966130398,3.3511846129918608,3.45533723884079,3.8162574089754444,0.8553029098425823
0.801111344097295,0.6244495701404906,0.8674042007375341,0.7571246278179498,3.274323757601174,3.487051792828685,3.749042960442365,0.8674042007375341
0.7843314061422585,0.6360791385986315,0.8490657216494846,0.7679794520547946,3.316660478438445,3.420728796478014,3.774828767123288,0.8490657216494846
0.7893410540989759,0.6192697442496381,0.8574671639370844,0.7525817555938038,3.244061980590853,3.445766983003592,3.697934595524957,0.8574671639370844
0.7733015236132951,0.6256574310036328,0.8428524804177546,0.7593073593073593,3.272081548555007,3.378517594751396,3.7173160173160174,0.8428524804177546
0.7816438356164384,0.610027397260274,0.8476472523856532,0.7449956483899043,3.206904109589041,3.391068493150685,3.640557006092254,0.8476472523856532
0.7672767609539656,0.6217415418746534,0.8329743164871583,0.7575360419397117,3.2261785912368275,3.331669439822518,3.670598514635212,0.8329743164871583
0.7762708064787311,0.605559603205739,0.8386017728717177,0.7423043095866315,3.159502325842067,3.3637841170206806,3.609498680738786,0.8386017728717177
0.7635610531093963,0.6130844303222878,0.8278591881421593,0.7416481069042317,3.1980821606899683,3.3108261461643216,3.641870824053452,0.8278591881421593
0.7675139135922887,0.5969935165528717,0.8303267528931245,0.723967684021544,3.132021343737449,3.3363933673762123,3.561041292639138,0.8303267528931245
0.7546939487298727,0.6046619775620531,0.816857974987151,0.7260336210813266,3.1768296227402195,3.2857641109108875,3.6288050885960925,0.816857974987151
0.753636845515048,0.5897284881323989,0.8153207677675947,0.7096479195244627,3.116143471346958,3.3157429766181754,3.571559213534522,0.8153207677675947
0.7404047036351699,0.6021608070196383,0.8003484320557491,0.7188365650969529,3.157285262341073,3.265982212141109,3.5960295475530932,0.8003484320557491
0.7517983437103306,0.587861935561869,0.8119597812665373,0.7065116279069767,3.098833343408088,3.294867919966149,3.5367441860465116,0.8119597812665373
0.7389011528084376,0.5970076036301202,0.7997154037709,0.7124645892351275,3.1247240618101544,3.2414152563159186,3.5335221907459866,0.7997154037709
0.7443870887493004,0.5819391753218484,0.7982740021574973,0.6916110581506196,3.066048883637042,3.267056408980658,3.4580552907530984,0.7982740021574973
0.732608833006887,0.5936690465659948,0.7873886970743231,0.7039187227866474,3.0974916282302396,3.2158337019018135,3.5084663763909045,0.7873886970743231
0.7396918749600461,0.5811545100044748,0.7918195157740279,0.6953771289537712,3.041168573802979,3.237614268362846,3.445742092457421,0.7918195157740279
0.7288300564531828,0.5906819804036079,0.7813021702838063,0.6980295566502464,3.06170916877555,3.18681461293881,3.4635467980295567,0.7813021702838063
0.7311870432549872,0.5794324840344987,0.7753146721773436,0.6881881881881882,3.0156692343143066,3.209230364079268,3.4124124124124124,0.7753146721773436
0.7213893722393254,0.5872038549056351,0.7647058823529411,0.6958290946083419,3.030651853834828,3.166309730959711,3.451678535096643,0.7647058823529411
0.726784865158617,0.5723795937775966,0.7671785028790787,0.6824498198661864,2.983628829563209,3.1925820256776034,3.3957797220792587,0.7671785028790787
0.7179628735076944,0.5850527913877579,0.7620159564117532,0.6954022988505747,3.016562004002484,3.1499551445724934,3.371473354231975,0.7620159564117532
0.7280123439472577,0.5709075606676953,0.7696107488638609,0.6777601690438457,2.9702623088792257,3.1767428811895075,3.3153724247226624,0.7696107488638609
0.7180346573486415,0.5820437852100121,0.7602890985745834,0.6973262032085561,3.007487698780575,3.137131854809955,3.3802139037433157,0.7602890985745834
0.7214850264665361,0.5718947139438765,0.7669863293205468,0.6882480957562568,2.9604814734246974,3.159234283228192,3.3286180631120783,0.7669863293205468
0.7140115163147792,0.5768492543924406,0.7627858627858628,0.7018805309734514,2.9779270633397315,3.124169496530341,3.372787610619469,0.7627858627858628
0.7143713023290647,0.5663146858383884,0.7590132827324478,0.6946778711484594,2.935744776454729,3.147607279263087,3.3450980392156864,0.7590132827324478
0.7066992217305051,0.575537921562643,0.7529462181272766,0.7024698449167145,2.955058751716771,3.113764687929193,3.365881677197013,0.7529462181272766
0.7132535736482287,0.5637818520820386,0.7569157046395121,0.691812865497076,2.917495338719702,3.1358763206960845,3.334502923976608,0.7569157046395121
0.7054122487735401,0.5643297990188321,0.7480053191489362,0.6851190476190476,2.949042570026903,3.103260009495173,3.3714285714285714,0.7480053191489362
0.7160632576061652,0.555992614594204,0.7518018018018018,0.6791767554479419,2.9079232560006423,3.1121457814883198,3.3365617433414045,0.7518018018018018
0.7106943989518506,0.5641991483786439,0.7493093922651933,0.6878470080197409,2.9314608581722896,3.0877825090075337,3.3830968537939543,0.7493093922651933
0.7124144835641582,0.5552311029534457,0.7444861567339277,0.6834487098804279,2.893125312865009,3.121141331553479,3.329137822529893,0.7444861567339277
0.7071136827773996,0.5582028590878149,0.7419818094782192,0.6833654463712268,2.9233321987746765,3.0953880190605854,3.3448940269749516,0.7419818094782192
0.7104307213284898,0.5491264487112957,0.7401555663587749,0.6714659685863874,2.8881681370005188,3.1165888254627228,3.3154450261780104,0.7401555663587749
0.7035406024308614,0.5637660736304386,0.7320586044201639,0.6877496671105193,2.910516117667782,3.0841113264047912,3.341544607190413,0.7320586044201639
0.7051660846987197,0.5547497537827917,0.7335192697768763,0.6836043360433605,2.8734891216760676,3.122123735338884,3.3163956639566394,0.7335192697768763
0.7015673409877893,0.5604155276107162,0.7356530771228252,0.6907216494845361,2.900765445598688,3.0969564425004554,3.3463917525773197,0.7356530771228252
0.7111378576057772,0.5512452550689751,0.736911686938128,0.6876750700280112,2.8650124988426997,3.112397000277752,3.291316526610644,0.736911686938128
0.7060382358508424,0.5632216543630513,0.7323218639934977,0.6938483547925608,2.893147832670831,3.085746734809767,3.2796852646638053,0.7323218639934977
0.7066576871271888,0.5550317490860112,0.7257174392935982,0.6955571740713765,2.862805464691168,3.1074658456802,3.2439912600145666,0.7257174392935982
0.703332350339133,0.5582424063698024,0.7242063492063492,0.6994818652849741,2.8948196205642387,3.076182050525902,3.296817172464841,0.7242063492063492
0.7103890894504613,0.5529482551143201,0.7333911034084344,0.6931818181818182,2.86542318491777,3.1189330124348174,3.271969696969697,0.7333911034084344
0.7023445463812437,0.5608562691131499,0.7288035450516986,0.6957854406130268,2.8879714576962283,3.0893985728848112,3.3233716475095787,0.7288035450516986
0.7105809128630706,0.5530082987551868,0.7360650798433263,0.6935105551211884,2.8561203319502075,3.111514522821577,3.2783424550430023,0.7360650798433263
0.708029197080292,0.5582354807997462,0.7368746139592341,0.697841726618705,2.8813075214217707,3.0938326457209353,3.3269384492406076,0.7368746139592341
0.7088607594936709,0.54913108774941,0.7291797119599248,0.6885245901639344,2.84960308946578,3.106522205535293,3.3008196721311474,0.7291797119599248
0.7030925581903618,0.5528357556551197,0.7224895733076676,0.6847826086956522,2.8801223909955196,3.0803190908097475,3.387959866220736,0.7224895733076676
0.7070763087843833,0.5451419698314108,0.7298888162197514,0.680306905370844,2.8441659272404616,3.090505767524401,3.343563512361466,0.7298888162197514
0.7035403234928176,0.5510688836104513,0.7273645237293841,0.6820557491289199,2.8643818572559665,3.076235719941183,3.343205574912892,0.7273645237293841
0.7074376365099436,0.5424761466835268,0.7307032590051458,0.6755793226381461,2.8349235544315436,3.117254856880101,3.301247771836007,0.7307032590051458
0.7043611143763959,0.5460209239449865,0.7291076487252125,0.6776859504132231,2.866815563653462,3.103444222405078,3.351698806244261,0.7291076487252125
0.7113451412158928,0.5392532312111058,0.72875226039783,0.6772983114446529,2.836764001914792,3.121948300622307,3.321763602251407,0.72875226039783
0.7078309584703446,0.5484106686152722,0.7275426874536006,0.6851674641148325,2.857021069297284,3.100596760443308,3.321531100478469,0.7275426874536006
0.7070694564813669,0.5409186579175437,0.72289613343442,0.6800391389432485,2.834220626470224,3.118732202550452,3.303326810176125,0.72289613343442
0.7055098163394553,0.5468017732742242,0.7231130230739148,0.6599799398194583,2.8563647878404055,3.100949968334389,3.3109327983951857,0.7231130230739148
0.7041655952687066,0.5419130881974801,0.7133200795228628,0.6663223140495868,2.8305476986371816,3.0993828747750065,3.309917355371901,0.7133200795228628
0.7035328236224624,0.5486422356973372,0.7201986754966887,0.6666666666666666,2.8681782230424466,3.075533878196678,3.331223628691983,0.7201986754966887
0.7098286020353508,0.5409748259239422,0.7207627118644068,0.658772874058127,2.843331547937868,3.1000267809319766,3.2981700753498386,0.7207627118644068
0.7052545155993432,0.5540503557744937,0.7215634606938954,0.6637554585152838,2.869047619047619,3.079912424740011,3.331877729257642,0.7215634606938954
0.7015714087053261,0.5480461688221387,0.7212527964205817,0.6629339305711086,2.8377138089278264,3.0798219997218745,3.301231802911534,0.7212527964205817
0.6975686051471633,0.5533911559789564,0.7189967487227125,0.6479357798165137,2.843452296317361,3.0608559647376654,3.2442660550458715,0.7189967487227125
0.7077790630422209,0.5467032967032966,0.7266666666666667,0.6509433962264151,2.8241758241758244,3.093262001156738,3.2193396226415096,0.7266666666666667
0.7013847967000589,0.5562757807896288,0.7221404025527737,0.687875150060024,2.8644667059516795,3.07203889216264,3.278511404561825,0.7221404025527737
0.7087393194423625,0.546694648478489,0.7216391804097951,0.6819875776397516,2.8406535751761357,3.1017838405036726,3.2546583850931676,0.7216391804097951
0.7040831931487995,0.5482489677320691,0.7224236147074055,0.6662452591656132,2.86741091910078,3.070347147881939,3.2996207332490517,0.7224236147074055
0.7090342679127726,0.5414330218068536,0.7079129049389272,0.6657963446475196,2.8419003115264796,3.096417445482866,3.2637075718015667,0.7079129049389272
0.7068663374223355,0.5448462641389199,0.7133406835722161,0.6626506024096386,2.8709574637565716,3.0657957623068346,3.281124497991968,0.7133406835722161
0.7093173730184407,0.5407635069556778,0.7238470191226096,0.6634615384615384,2.8440634098997086,3.0860562924619863,3.243131868131868,0.7238470191226096
0.7053084173970564,0.5530014883413262,0.7239766081871345,0.6713483146067416,2.881924921448652,3.0684637010087648,3.327247191011236,0.7239766081871345
0.7070095814422592,0.5489998319045217,0.7227840571088637,0.6754002911208151,2.8554378887207936,3.0768196335518576,3.314410480349345,0.7227840571088637
0.7052559257986946,0.5645826176571624,0.7211597779148674,0.6761619190404797,2.891961525249055,3.0590862246650636,3.347826086956522,0.7211597779148674
0.7102510460251046,0.5601464435146444,0.7057340894770007,0.6790697674418604,2.8823221757322175,3.092050209205021,3.336434108527132,0.7057340894770007
0.7081629023652855,0.5619775920327228,0.7064579256360078,0.6874003189792663,2.902720967455095,3.0727369731460077,3.35725677830941,0.7064579256360078
0.7165823699421965,0.5549132947976878,0.711051930758988,0.6797385620915033,2.8746387283236996,3.0988078034682083,3.3251633986928106,0.711051930758988
0.7126755358462675,0.5622690317812269,0.710435383552177,0.6816666666666666,2.8944937176644494,3.084072431633407,3.3216666666666668,0.710435383552177
0.7192423105776444,0.555701425356339,0.7252978276103714,0.6740994854202401,2.8657164291072768,3.1129032258064515,3.286449399656947,0.7252978276103714
0.713957495692131,0.5604058969940647,0.7260174418604651,0.6893542757417103,2.877082136703044,3.097070649052269,3.3909249563699824,0.7260174418604651
0.7224489795918367,0.5554907677356657,0.744807121661721,0.6892857142857143,2.849173955296404,3.1063168124392613,3.3767857142857145,0.744807121661721
0.7228412256267409,0.5521289295662555,0.7476780185758514,0.6685082872928176,2.885793871866295,3.1002785515320332,3.3627992633517496,0.7476780185758514
0.729740680713128,0.5472042139384117,0.7575516693163752,0.6602687140115163,2.875810372771475,3.135737439222042,3.3512476007677545,0.7575516693163752
0.7272915373474033,0.5553486447341196,0.7597672485453034,0.693359375,2.902958824746534,3.123111938754397,3.373046875,0.7597672485453034
0.7221873035826524,0.5497590613869684,0.748730964467005,0.689108910891089,2.8822543473706266,3.1254975906138696,3.3366336633663365,0.748730964467005
0.7175262144232827,0.5512518724588059,0.7489063867016623,0.6872427983539094,2.9158998502032953,3.1063556601754763,3.411522633744856,0.7489063867016623
0.7215958369470945,0.5500867302688638,0.7486631016042781,0.6855345911949685,2.9000433651344317,3.1060277536860363,3.3962264150943398,0.7486631016042781
0.718632855567806,0.5651598676957001,0.7477064220183486,0.7286324786324786,2.913340683572216,3.09393605292172,3.358974358974359,0.7477064220183486
0.72954850245865,0.5567724631202503,0.7682926829268293,0.7302631578947368,2.8951721054984354,3.0896289673670094,3.3530701754385963,0.7682926829268293
0.7264645543651698,0.562115340779576,0.7763671875,0.7022222222222222,2.9017551857761568,3.077501709596535,3.457777777777778,0.7763671875
0.7252314814814815,0.5550925925925926,0.7794561933534743,0.6986301369863014,2.88125,3.0900462962962965,3.3995433789954337,0.7794561933534743
0.719876660341556,0.568785578747628,0.7763713080168776,0.7197149643705463,2.902751423149905,3.079933586337761,3.380047505938242,0.7763713080168776
0.7195269128650736,0.5652908520395848,0.7772972972972974,0.7254901960784313,2.8909003137822835,3.0876176683562635,3.375,0.7772972972972974
0.7166011787819253,0.56262278978389,0.7788888888888889,0.6975,2.9211689587426326,3.0616404715127703,3.465,0.7788888888888889
0.7159542743538767,0.5569085487077535,0.7826576576576577,0.689922480620155,2.9028330019880717,3.066600397614314,3.4289405684754524,0.7826576576576577
0.7122210953346856,0.5651622718052738,0.7822014051522248,0.708994708994709,2.912018255578093,3.045131845841785,3.486772486772487,0.7822014051522248
0.7245370370370371,0.5578703703703703,0.792814371257485,0.7049180327868853,2.885030864197531,3.045267489711934,3.420765027322404,0.792814371257485
0.7204527507238747,0.565411950513293,0.7890137328339576,0.7154696132596685,2.92866543827323,3.0384311660963412,3.4171270718232045,0.7890137328339576
0.7166488794023479,0.5624332977588047,0.7865311308767471,0.711864406779661,2.9042155816435433,3.05923159018143,3.3587570621468927,0.7865311308767471
0.7105549510337323,0.5666485310119695,0.7783641160949868,0.7106017191977078,2.911860718171926,3.04379760609358,3.349570200573066,0.7783641160949868
0.7146017699115044,0.5641592920353983,0.7837837837837838,0.7138643067846607,2.8849557522123894,3.087112831858407,3.321533923303835,0.7837837837837838
0.7145680406549971,0.5666290231507622,0.7896935933147632,0.7057057057057057,2.914455110107284,3.077357425183512,3.3603603603603602,0.7896935933147632
0.721395881006865,0.562070938215103,0.7968526466380543,0.7076923076923077,2.8990274599542336,3.1301487414187643,3.335384615384615,0.7968526466380543
0.7138686131386861,0.5696350364963504,0.7935103244837758,0.7206349206349206,2.9284671532846716,3.1115328467153285,3.3904761904761904,0.7935103244837758
0.714792899408284,0.5606508875739645,0.7792792792792793,0.7068403908794788,2.908284023668639,3.104437869822485,3.3550488599348536,0.7792792792792793
0.7156655599154844,0.5650467853908844,0.781591263650546,0.7080536912751678,2.9200120736492603,3.092665258074253,3.3624161073825505,0.781591263650546
0.7251838235294118,0.5621936274509803,0.7859424920127795,0.7098976109215017,2.9096200980392157,3.106311274509804,3.3515358361774745,0.7859424920127795
0.723264540337711,0.5791119449656035,0.7844112769485904,0.7465277777777778,2.9146341463414633,3.0953721075672296,3.4722222222222223,0.7844112769485904
0.7230283911671924,0.5719242902208201,0.790893760539629,0.7420494699646644,2.8870662460567824,3.0794952681388015,3.3886925795053005,0.790893760539629
0.7269503546099291,0.5670535138620245,0.8020833333333334,0.7007299270072993,2.912314635718891,3.0696324951644103,3.354014598540146,0.8020833333333334
0.7233834095362508,0.5597648595689092,0.7940140845070423,0.690566037735849,2.89745264532985,3.100587851077727,3.3245283018867924,0.7940140845070423
0.7225375626043405,0.562270450751252,0.8059701492537313,0.6705426356589147,2.8871452420701167,3.098163606010017,3.364341085271318,0.8059701492537313
0.7297297297297297,0.5537162162162163,0.8162878787878788,0.678714859437751,2.8611486486486486,3.0702702702702704,3.357429718875502,0.8162878787878788
0.7282720714531089,0.5592579869460667,0.821917808219178,0.6311475409836066,2.8845757471659224,3.055650979045002,3.3934426229508197,0.821917808219178
0.7412831241283124,0.5550906555090656,0.8522954091816367,0.6302521008403361,2.8755230125523012,3.0763598326359833,3.407563025210084,0.8522954091816367
0.7425637393767706,0.55842776203966,0.8545081967213115,0.6497890295358649,2.9288243626062322,3.0594900849858355,3.4345991561181433,0.8545081967213115
0.7332377196127644,0.5539619935460739,0.8375,0.6536796536796536,2.9046253137325206,3.096091789171746,3.406926406926407,0.8375
0.7312454479242535,0.5600873998543335,0.8376068376068376,0.6550218340611353,2.896941005098325,3.0863073561544065,3.3100436681222707,0.8376068376068376
0.735632183908046,0.5554319614386355,0.8568281938325991,0.6651376146788991,2.878383388950686,3.0875046347793846,3.3211009174311927,0.8568281938325991
0.7339622641509433,0.5509433962264151,0.8503401360544217,0.6728971962616822,2.8950943396226414,3.070188679245283,3.308411214953271,0.8503401360544217
0.7330524703178859,0.5495978552278821,0.8290993071593533,0.6746411483253588,2.889697433933359,3.07698199923401,3.311004784688995,0.8290993071593533
0.7298245614035088,0.562962962962963,0.837378640776699,0.6956521739130435,2.9192982456140353,3.0639376218323586,3.4106280193236715,0.837378640776699
0.7327279905250691,0.5606000789577577,0.8415841584158416,0.7035175879396985,2.901302803000395,3.06750888274773,3.4271356783919598,0.8415841584158416
0.7278557114228457,0.569939879759519,0.8363171355498721,0.7046632124352331,2.9170340681362728,3.0529058116232464,3.481865284974093,0.8363171355498721
0.7439573945104465,0.5649324047521508,0.8518518518518519,0.7021276595744681,2.903727980335928,3.064317902498976,3.4468085106382977,0.8518518518518519
0.7393483709273183,0.5718462823725982,0.8484848484848485,0.7027027027027027,2.915204678362573,3.053467000835422,3.4,0.8484848484848485
0.7364864864864865,0.5696790540540541,0.8394366197183099,0.6978021978021978,2.902449324324324,3.064189189189189,3.412087912087912,0.8394366197183099
0.7363205514864283,0.5747522619560534,0.8439306358381503,0.7359550561797753,2.93537268418785,3.067212408444636,3.5168539325842696,0.8439306358381503
0.7293657688966116,0.5690703735881842,0.8250728862973761,0.7272727272727273,2.920503909643788,3.0543006081668116,3.4829545454545454,0.8250728862973761
0.724015922158337,0.5754091110128262,0.8160237388724035,0.7572254335260116,2.923485183547103,3.038478549314463,3.5028901734104045,0.8160237388724035
0.7245080500894454,0.5688729874776386,0.7885196374622356,0.7470588235294118,2.9181574239713775,3.0684257602862255,3.4823529411764707,0.7885196374622356
0.7240909090909091,0.57,0.7931034482758621,0.7469879518072289,2.9413636363636364,3.066818181818182,3.463855421686747,0.7931034482758621
0.738950276243094,0.5662983425414365,0.7781350482315113,0.7393939393939394,2.9341620626151013,3.070441988950276,3.43030303030303,0.7781350482315113
0.7343895619757689,0.5848089468779124,0.7854785478547854,0.7055214723926381,2.950605778191985,3.070363466915191,3.5276073619631902,0.7854785478547854
0.7404616109279322,0.5788977861516722,0.8561872909698997,0.6878980891719745,2.928403203014602,3.1149317004239285,3.484076433121019,0.8561872909698997
0.7341288782816229,0.5675417661097852,0.8440677966101695,0.7337662337662337,2.9360381861575178,3.110739856801909,3.4285714285714284,0.8440677966101695
0.7360504609412907,0.5681707908782144,0.8373702422145328,0.7432432432432432,2.937409024745269,3.115963124696749,3.4594594594594597,0.8373702422145328
0.7337917485265226,0.5726915520628684,0.8404255319148937,0.7945205479452054,2.9106090373280944,3.112475442043222,3.3904109589041096,0.8404255319148937
0.7279960218796618,0.5703630034808553,0.8290909090909091,0.7972027972027972,2.893088015912481,3.1138736946792642,3.3846153846153846,0.8290909090909091
0.7280080889787665,0.5586450960566228,0.8426966292134831,0.7304964539007093,2.874115267947422,3.1031344792719917,3.5319148936170213,0.8426966292134831
0.7361181864493123,0.5542536933265411,0.8295454545454546,0.723404255319149,2.8517575140091695,3.116658176260825,3.49645390070922,0.8295454545454546
0.7393782383419689,0.5430051813471503,0.8301158301158301,0.6690647482014388,2.882901554404145,3.110880829015544,3.553956834532374,0.8301158301158301
0.7423603793466808,0.5437302423603794,0.82421875,0.674074074074074,2.874604847207587,3.1116965226554267,3.525925925925926,0.82421875
0.7344420600858369,0.5740343347639485,0.8218623481781376,0.7744360902255639,2.8910944206008584,3.0997854077253217,3.4511278195488724,0.8218623481781376
0.745119305856833,0.5645336225596529,0.8477366255144033,0.7557251908396947,2.8899132321041217,3.099240780911063,3.435114503816794,0.8477366255144033
0.7425905598243688,0.570801317233809,0.8535564853556485,0.7384615384615385,2.911086717892426,3.084522502744237,3.6153846153846154,0.8535564853556485
0.7545807884508606,0.5685730149916713,0.8445378151260504,0.734375,2.898389783453637,3.1166018878400887,3.5078125,0.8445378151260504
0.7523916713562183,0.566122678671919,0.8602620087336245,0.7795275590551181,2.9009566685424875,3.1069217782779965,3.559055118110236,0.8602620087336245
0.7664191890348372,0.5642490005711023,0.8571428571428571,0.7804878048780488,2.889206167904055,3.145631067961165,3.5284552845528454,0.8571428571428571
0.7690504103165299,0.5679953106682297,0.8669724770642202,0.7711864406779662,2.9003516998827665,3.147713950762016,3.542372881355932,0.8669724770642202
0.7754739336492891,0.5651658767772512,0.9483568075117371,0.7739130434782608,2.890402843601896,3.154620853080569,3.4869565217391303,0.9483568075117371
0.7699221090473337,0.5817855002995805,0.9425837320574163,0.7946428571428571,2.871180347513481,3.1431995206710606,3.4017857142857144,0.9425837320574163
0.7709090909090909,0.5818181818181818,0.961352657004831,0.8055555555555556,2.8763636363636365,3.1818181818181817,3.435185185185185,0.961352657004831
0.7764705882352941,0.5684210526315789,0.96,0.8037383177570093,2.861300309597523,3.1869969040247677,3.2523364485981308,0.96
0.7775689223057645,0.5632832080200502,0.9698492462311558,0.8137254901960784,2.848997493734336,3.154135338345865,3.284313725490196,0.9698492462311558
0.7758730158730158,0.5695238095238095,0.9690721649484536,0.8316831683168316,2.892063492063492,3.147936507936508,3.287128712871287,0.9690721649484536
0.7712082262210797,0.5649100257069408,0.9421052631578948,0.8118811881188119,2.8817480719794344,3.140745501285347,3.267326732673267,0.9421052631578948
0.770997375328084,0.5702099737532809,0.9354838709677419,0.7777777777777778,2.902230971128609,3.138451443569554,3.5454545454545454,0.9354838709677419
0.7674418604651163,0.5707641196013289,0.9139784946236559,0.7777777777777778,2.9043189368770763,3.1089700996677743,3.5555555555555554,0.9139784946236559
0.7666891436277815,0.5711395819285232,0.9081081081081082,0.7448979591836735,2.8819959541469995,3.0991233985165207,3.5918367346938775,0.9081081081081082
0.7649863760217984,0.5722070844686649,0.8907103825136612,0.7448979591836735,2.8835149863760217,3.076975476839237,3.561224489795918,0.8907103825136612
0.768910478834143,0.5870922970159611,0.8956043956043956,0.7978723404255319,2.9326856349757113,3.092297015961138,3.627659574468085,0.8956043956043956
0.7752808988764045,0.5814606741573034,0.8994413407821229,0.7717391304347826,2.9094101123595504,3.1179775280898876,3.5760869565217392,0.8994413407821229
0.7718168812589413,0.5872675250357654,0.8670520231213873,0.7191011235955056,2.9427753934191703,3.124463519313305,3.4269662921348316,0.8670520231213873
0.7847272727272727,0.5810909090909091,0.9171597633136095,0.7176470588235294,2.9367272727272726,3.1898181818181817,3.458823529411765,0.9171597633136095
0.7796610169491526,0.5932203389830508,0.9096385542168675,0.7380952380952381,2.944731024318349,3.1775976418570377,3.511904761904762,0.9096385542168675
0.7811572700296736,0.5867952522255193,0.8902439024390244,0.7380952380952381,2.9243323442136497,3.113501483679525,3.488095238095238,0.8902439024390244
0.7679516250944822,0.5933484504913077,0.8607594936708861,0.7380952380952381,2.9372637944066518,3.0786092214663645,3.607142857142857,0.8607594936708861
0.7846153846153846,0.5869230769230769,0.881578947368421,0.75,2.9215384615384616,3.1584615384615384,3.6125,0.881578947368421
0.7879499217527387,0.5860719874804382,0.8986486486486487,0.7435897435897436,2.9178403755868545,3.1658841940532083,3.4743589743589745,0.8986486486486487
0.8071428571428572,0.5841269841269842,0.903448275862069,0.7532467532467533,2.914285714285714,3.175396825396825,3.4805194805194803,0.903448275862069
0.8135048231511254,0.5787781350482315,0.9219858156028369,0.7922077922077922,2.9115755627009645,3.180064308681672,3.311688311688312,0.9219858156028369
0.8021172638436482,0.5789902280130294,0.8571428571428571,0.8,2.9030944625407167,3.1978827361563518,3.2666666666666666,0.8571428571428571
0.7991735537190082,0.5776859504132231,0.8529411764705882,0.8082191780821918,2.924793388429752,3.1950413223140495,3.3835616438356166,0.8529411764705882
0.8068561872909699,0.5760869565217391,0.8939393939393939,0.8028169014084507,2.9088628762541804,3.1939799331103678,3.352112676056338,0.8939393939393939
0.8020304568527918,0.5609137055837563,0.8923076923076924,0.6619718309859155,2.952622673434856,3.173434856175973,3.464788732394366,0.8923076923076924
0.7960582690659811,0.5569837189374465,0.8976377952755905,0.6521739130434783,2.91688089117395,3.139674378748929,3.347826086956522,0.8976377952755905
0.7935540069686411,0.5714285714285714,0.9024390243902439,0.7058823529411765,2.8536585365853657,3.1263066202090593,3.3529411764705883,0.9024390243902439
0.7925860547219771,0.5675198587819947,0.925,0.7058823529411765,2.849073256840247,3.12180052956752,3.323529411764706,0.925
0.7833482542524619,0.5774395702775291,0.9327731092436975,0.7352941176470589,2.873769024171889,3.0913160250671443,3.3529411764705883,0.9327731092436975
0.7676950998185118,0.5780399274047187,0.811965811965812,0.746268656716418,2.876588021778584,3.123411978221416,3.298507462686567,0.811965811965812
0.7723502304147466,0.5788018433179724,0.8260869565217391,0.8307692307692308,2.912442396313364,3.1152073732718892,3.4461538461538463,0.8260869565217391
0.7802607076350093,0.5772811918063314,0.8260869565217391,0.828125,2.9068901303538177,3.1042830540037243,3.46875,0.8260869565217391
0.781042654028436,0.5857819905213271,0.8070175438596491,0.8524590163934426,2.927962085308057,3.096682464454976,3.459016393442623,0.8070175438596491
0.7890699904122723,0.5790987535953979,0.8849557522123894,0.8813559322033898,2.904122722914669,3.1227229146692235,3.440677966101695,0.8849557522123894
0.7784256559766763,0.5947521865889213,0.8839285714285714,0.8305084745762712,2.923226433430515,3.0991253644314867,3.6271186440677967,0.8839285714285714
0.7712871287128713,0.592079207920792,0.8440366972477065,0.8035714285714286,2.913861386138614,3.116831683168317,3.5714285714285716,0.8440366972477065
0.7696177062374245,0.5985915492957746,0.8461538461538461,0.8148148148148148,2.9517102615694166,3.1167002012072436,3.5925925925925926,0.8461538461538461
0.7612244897959184,0.5959183673469388,0.9029126213592233,0.8148148148148148,2.9418367346938776,3.092857142857143,3.4814814814814814,0.9029126213592233
0.7624481327800829,0.5912863070539419,0.8627450980392157,0.8269230769230769,2.9937759336099585,3.0933609958506225,3.269230769230769,0.8627450980392157
0.7455310199789695,0.5878023133543638,0.8712871287128713,0.84,2.9905362776025237,3.1409043112513144,3.22,0.8712871287128713
0.7435897435897436,0.6132478632478633,0.8762886597938144,0.82,2.9423076923076925,3.123931623931624,3.14,0.8762886597938144
0.759956942949408,0.6081808396124866,0.9052631578947369,0.8367346938775511,2.9418729817007536,3.115177610333692,3.142857142857143,0.9052631578947369
0.75192096597146,0.5872667398463227,0.9247311827956989,0.7083333333333334,2.976948408342481,3.097694840834248,3.5,0.9247311827956989
0.751937984496124,0.5791805094130675,0.9666666666666667,0.723404255319149,2.9689922480620154,3.0387596899224807,3.5106382978723403,0.9666666666666667
0.7426636568848759,0.5790067720090294,0.9775280898876404,0.8085106382978723,2.9582392776523703,3.0214446952595937,3.4468085106382977,0.9775280898876404
0.7257142857142858,0.5748571428571428,0.9080459770114943,0.8260869565217391,2.954285714285714,3.072,3.4130434782608696,0.9080459770114943
0.7197674418604652,0.5616279069767441,0.9080459770114943,0.7608695652173914,2.977906976744186,3.0348837209302326,3.6739130434782608,0.9080459770114943
0.7256740914419695,0.5627198124267292,0.9523809523809523,0.7777777777777778,2.967174677608441,3.022274325908558,3.6,0.9523809523809523
0.7247924080664294,0.5800711743772242,0.9753086419753086,0.8409090909090909,2.9395017793594307,3.026097271648873,3.3636363636363638,0.9753086419753086
0.7118847539015606,0.5690276110444178,0.9012345679012346,0.7674418604651163,2.920768307322929,2.9963985594237696,3.2790697674418605,0.9012345679012346
0.7003654080389768,0.5736906211936662,0.9240506329113924,0.8372093023255814,2.918392204628502,2.9732034104750307,3.2093023255813953,0.9240506329113924
0.7262638717632552,0.5721331689272503,0.9358974358974359,0.813953488372093,2.9223181257706536,2.9778051787916153,3.186046511627907,0.9358974358974359
0.7320754716981132,0.6050314465408805,0.935064935064935,0.7674418604651163,2.9283018867924526,2.9773584905660377,3.2093023255813953,0.935064935064935
0.7139240506329114,0.6037974683544304,0.935064935064935,0.7441860465116279,2.9177215189873418,2.9772151898734176,3.13953488372093,0.935064935064935
0.7036082474226805,0.5979381443298969,0.9342105263157895,0.7857142857142857,2.9304123711340204,2.975515463917526,3.0238095238095237,0.9342105263157895
0.7239583333333334,0.5963541666666666,0.881578947368421,0.7804878048780488,2.9283854166666665,3.0143229166666665,2.951219512195122,0.881578947368421
0.7221494102228048,0.6094364351245085,0.88,0.6585365853658537,2.963302752293578,3.011795543905636,3.073170731707317,0.88
0.7192052980132451,0.6119205298013245,0.8648648648648649,0.6923076923076923,2.966887417218543,2.9549668874172186,3.1025641025641026,0.8648648648648649
0.7184986595174263,0.6219839142091153,0.875,0.7435897435897436,2.955764075067024,2.953083109919571,3.3076923076923075,0.875
0.7183288409703504,0.6185983827493261,0.8472222222222222,0.7435897435897436,2.9366576819407006,2.9258760107816713,3.2051282051282053,0.8472222222222222
0.7101648351648352,0.6195054945054945,0.8529411764705882,0.717948717948718,2.909340659340659,2.918956043956044,3.1538461538461537,0.8529411764705882
0.7174825174825175,0.6083916083916084,0.8805970149253731,0.7368421052631579,2.890909090909091,2.93986013986014,3.210526315789474,0.8805970149253731
0.7110481586402266,0.5736543909348442,0.8787878787878788,0.7297297297297297,2.905099150141643,2.917847025495751,3.2162162162162162,0.8787878787878788
0.6833810888252149,0.5702005730659025,0.8636363636363636,0.75,2.8868194842406876,2.9111747851002865,3.2222222222222223,0.8636363636363636
0.6836734693877551,0.5612244897959183,0.9047619047619048,0.75,2.879008746355685,2.8965014577259476,3.2222222222222223,0.9047619047619048
0.7050147492625368,0.56047197640118,0.9508196721311475,0.6944444444444444,2.882005899705015,2.9454277286135695,3.138888888888889,0.9508196721311475
0.7057949479940565,0.5676077265973254,0.9344262295081968,0.7777777777777778,2.8528974739970283,2.947994056463596,3.1944444444444446,0.9344262295081968
0.6966966966966966,0.5645645645645646,0.9180327868852459,0.7714285714285715,2.864864864864865,2.87987987987988,3.085714285714286,0.9180327868852459
0.6920731707317073,0.5975609756097561,0.9333333333333333,0.8,2.856707317073171,2.888719512195122,3.1142857142857143,0.9333333333333333
0.7050691244239631,0.5852534562211982,0.9322033898305084,0.8,2.8540706605222734,2.964669738863287,3.1142857142857143,0.9322033898305084
0.6959876543209876,0.5941358024691358,0.9322033898305084,0.8823529411764706,2.859567901234568,2.9583333333333335,3.4411764705882355,0.9322033898305084
0.6981132075471698,0.5943396226415094,0.9310344827586207,0.8823529411764706,2.8836477987421385,2.8789308176100628,3.4411764705882355,0.9310344827586207
0.7003205128205128,0.592948717948718,0.9310344827586207,0.8823529411764706,2.921474358974359,2.8878205128205128,3.588235294117647,0.9310344827586207
0.7092084006462036,0.5896607431340872,0.9482758620689655,0.8823529411764706,2.880452342487884,2.925686591276252,3.588235294117647,0.9482758620689655
0.7058823529411765,0.5931372549019608,0.9473684210526315,0.8529411764705882,2.8758169934640523,2.900326797385621,3.6176470588235294,0.9473684210526315
0.7219430485762144,0.5979899497487438,0.9636363636363636,0.90625,2.897822445561139,2.862646566164154,3.625,0.9636363636363636
0.7147707979626485,0.5857385398981324,0.9019607843137255,0.9354838709677419,2.8539898132427846,2.8522920203735143,3.806451612903226,0.9019607843137255
0.7130584192439863,0.5824742268041238,0.8627450980392157,0.9354838709677419,2.843642611683849,2.7869415807560136,3.806451612903226,0.8627450980392157
0.7150259067357513,0.5785837651122625,0.88,0.9032258064516129,2.7996545768566494,2.772020725388601,3.7096774193548385,0.88
0.6993006993006993,0.5751748251748252,0.8571428571428571,0.8666666666666667,2.8024475524475525,2.8304195804195804,3.7,0.8571428571428571
0.6962699822380106,0.5896980461811723,0.8571428571428571,0.7931034482758621,2.7761989342806395,2.8206039076376554,3.896551724137931,0.8571428571428571
0.7292418772563177,0.5884476534296029,0.9791666666666666,0.7931034482758621,2.776173285198556,2.8339350180505414,3.7241379310344827,0.9791666666666666
0.7317518248175182,0.572992700729927,0.9787234042553191,0.8214285714285714,2.8886861313868613,2.8613138686131387,3.607142857142857,0.9787234042553191
0.7467652495378928,0.5748613678373382,0.9565217391304348,0.8214285714285714,2.8927911275415896,2.9353049907578557,3.607142857142857,0.9565217391304348
0.7371428571428571,0.6,0.9333333333333333,0.7916666666666666,2.801904761904762,2.9123809523809525,3.0,0.9333333333333333
0.7509578544061303,0.5977011494252874,0.8666666666666667,0.782608695652174,2.7911877394636013,2.9195402298850577,2.782608695652174,0.8666666666666667
0.7480769230769231,0.5903846153846154,0.8666666666666667,0.782608695652174,2.8346153846153848,2.9269230769230767,2.6956521739130435,0.8666666666666667
0.75,0.58984375,0.8181818181818182,0.7727272727272727,2.82421875,2.951171875,2.772727272727273,0.8181818181818182
0.757085020242915,0.6012145748987854,0.8181818181818182,0.7894736842105263,2.8218623481781377,2.935222672064777,2.736842105263158,0.8181818181818182
0.7615062761506276,0.608786610878661,0.8604651162790697,0.7894736842105263,2.8430962343096233,2.8933054393305437,2.6842105263157894,0.8604651162790697
0.7677419354838709,0.556989247311828,0.8809523809523809,0.5789473684210527,2.836559139784946,2.9311827956989247,2.736842105263158,0.8809523809523809
0.7785087719298246,0.5548245614035088,0.8571428571428571,0.5555555555555556,2.8289473684210527,2.93859649122807,2.6666666666666665,0.8571428571428571
0.7678571428571429,0.5736607142857143,0.8571428571428571,0.7058823529411765,2.8526785714285716,2.935267857142857,2.3529411764705883,0.8571428571428571
0.7725225225225225,0.5720720720720721,0.8571428571428571,0.7058823529411765,2.8468468468468466,2.9572072072072073,2.3529411764705883,0.8571428571428571
0.7699316628701595,0.5808656036446469,0.8780487804878049,0.5294117647058824,2.838268792710706,2.940774487471526,3.0,0.8780487804878049
0.7816091954022989,0.5816091954022988,0.85,0.5294117647058824,2.8275862068965516,2.9034482758620688,2.9411764705882355,0.85
0.7877358490566038,0.5660377358490566,0.85,0.6875,2.910377358490566,2.919811320754717,3.0,0.85
0.7614457831325301,0.5686746987951807,0.9142857142857143,0.6875,2.9036144578313254,2.9301204819277107,3.0625,0.9142857142857143
0.7677261613691931,0.6039119804400978,0.9117647058823529,0.6666666666666666,2.770171149144254,2.936430317848411,3.0,0.9117647058823529
0.769041769041769,0.601965601965602,0.9411764705882353,0.6666666666666666,2.749385749385749,2.9656019656019654,2.933333333333333,0.9411764705882353
0.763681592039801,0.6069651741293532,0.90625,0.6,2.828358208955224,2.955223880597015,3.066666666666667,0.90625
0.7614213197969543,0.6065989847715736,0.875,0.5714285714285714,2.8248730964467006,2.99746192893401,3.142857142857143,0.875
0.7512820512820513,0.6102564102564103,0.875,0.5714285714285714,2.7897435897435896,2.9871794871794872,2.7857142857142856,0.875
0.7610389610389611,0.5974025974025974,0.9333333333333333,0.5714285714285714,2.7766233766233768,2.961038961038961,2.7857142857142856,0.9333333333333333
0.7559681697612732,0.5941644562334217,0.9310344827586207,0.5714285714285714,2.779840848806366,2.9787798408488064,2.4285714285714284,0.9310344827586207
0.7721179624664879,0.5898123324396782,0.9285714285714286,0.5714285714285714,2.7882037533512065,3.040214477211796,2.4285714285714284,0.9285714285714286
0.7602179836512262,0.6076294277929155,0.9285714285714286,0.5714285714285714,2.749318801089918,3.010899182561308,2.4285714285714284,0.9285714285714286
0.7679558011049724,0.6049723756906077,0.8214285714285714,0.5714285714285714,2.729281767955801,2.994475138121547,2.4285714285714284,0.8214285714285714
0.7613636363636364,0.59375,0.8214285714285714,0.5384615384615384,2.7443181818181817,2.9801136363636362,2.4615384615384617,0.8214285714285714
0.7885714285714286,0.5942857142857143,0.8571428571428571,0.5384615384615384,2.7314285714285713,3.0228571428571427,2.4615384615384617,0.8571428571428571
0.7842565597667639,0.5860058309037901,0.8846153846153846,0.5384615384615384,2.7346938775510203,2.9825072886297375,2.6153846153846154,0.8846153846153846
0.7551622418879056,0.5722713864306784,0.8,0.5384615384615384,2.728613569321534,2.9351032448377583,2.6153846153846154,0.8
0.7447447447447447,0.5705705705705706,0.76,0.5384615384615384,2.7267267267267266,2.951951951951952,2.4615384615384617,0.76
0.7416413373860182,0.5683890577507599,0.84,0.5833333333333334,2.729483282674772,2.966565349544073,2.5833333333333335,0.84
0.7469135802469136,0.5833333333333334,0.84,0.6363636363636364,2.802469135802469,2.9753086419753085,3.090909090909091,0.84
0.8037974683544303,0.5727848101265823,0.84,0.6363636363636364,2.7658227848101267,2.9430379746835444,2.909090909090909,0.84
0.8211920529801324,0.6125827814569537,0.84,0.8,2.7880794701986753,2.9834437086092715,2.9,0.84
0.8154362416107382,0.6073825503355704,0.84,0.8,2.778523489932886,2.9496644295302015,2.9,0.84
0.815068493150685,0.613013698630137,0.875,0.6666666666666666,2.856164383561644,2.9726027397260273,3.111111111111111,0.875
0.778169014084507,0.6126760563380281,0.9130434782608695,0.625,2.8838028169014085,3.007042253521127,3.125,0.9130434782608695
0.7785714285714286,0.5892857142857143,0.9545454545454546,0.75,2.9357142857142855,2.9964285714285714,3.625,0.9545454545454546
0.7849462365591398,0.5878136200716846,0.9090909090909091,0.75,2.921146953405018,2.967741935483871,3.625,0.9090909090909091
0.7877697841726619,0.6258992805755396,0.9090909090909091,0.875,2.8992805755395685,2.9784172661870505,3.625,0.9090909090909091
0.8102189781021898,0.6094890510948905,1.0,0.75,2.886861313868613,3.051094890510949,3.625,1.0
0.8044280442804428,0.5904059040590406,1.0,0.75,2.870848708487085,3.014760147601476,3.5,1.0
0.7611940298507462,0.585820895522388,0.9047619047619048,0.75,2.861940298507463,2.8992537313432836,3.5,0.9047619047619048
0.7660377358490567,0.5811320754716981,0.9047619047619048,0.75,2.811320754716981,2.920754716981132,3.125,0.9047619047619048
0.7509578544061303,0.5900383141762452,0.9,0.75,2.8237547892720305,2.8314176245210727,3.125,0.9
0.7559055118110236,0.6062992125984252,0.8888888888888888,0.5,2.8346456692913384,2.84251968503937,3.25,0.8888888888888888
0.7619047619047619,0.5992063492063492,0.9444444444444444,0.5714285714285714,2.8253968253968256,2.884920634920635,3.0,0.9444444444444444
0.7611336032388664,0.5910931174089069,0.8333333333333334,1.0,2.8947368421052633,2.8987854251012144,3.0,0.8333333333333334
0.8132780082987552,0.5809128630705395,0.8888888888888888,1.0,2.9419087136929463,2.929460580912863,3.0,0.8888888888888888
0.8075313807531381,0.5690376569037657,0.8888888888888888,1.0,2.782426778242678,2.920502092050209,2.8333333333333335,0.8888888888888888
0.7647058823529411,0.5672268907563025,0.8888888888888888,1.0,2.777310924369748,2.9243697478991595,2.8333333333333335,0.8888888888888888
0.7627118644067796,0.5720338983050848,0.8888888888888888,0.8333333333333334,2.792372881355932,2.906779661016949,3.1666666666666665,0.8888888888888888
0.774468085106383,0.5659574468085107,0.7777777777777778,0.6666666666666666,2.774468085106383,3.025531914893617,2.6666666666666665,0.7777777777777778
0.7682403433476395,0.5321888412017167,0.7777777777777778,0.8333333333333334,2.725321888412017,3.0343347639484977,2.6666666666666665,0.7777777777777778
0.8222222222222222,0.5333333333333333,0.8235294117647058,0.8333333333333334,2.688888888888889,2.986666666666667,2.6666666666666665,0.8235294117647058
0.8127853881278538,0.5662100456621004,0.7647058823529411,0.8333333333333334,2.6073059360730593,3.009132420091324,3.1666666666666665,0.7647058823529411
0.8256880733944955,0.5642201834862385,0.8823529411764706,0.8333333333333334,2.6192660550458715,3.1009174311926606,3.3333333333333335,0.8823529411764706
0.8285714285714286,0.5428571428571428,0.9375,0.6666666666666666,2.6857142857142855,3.0904761904761906,3.3333333333333335,0.9375
0.7836538461538461,0.5480769230769231,0.875,0.6666666666666666,2.6634615384615383,2.894230769230769,3.3333333333333335,0.875
0.7609756097560976,0.5609756097560976,0.875,0.6666666666666666,2.731707317073171,2.8536585365853657,3.3333333333333335,0.875
0.7241379310344828,0.5566502463054187,0.625,0.6666666666666666,2.729064039408867,2.9655172413793105,3.1666666666666665,0.625
0.7135678391959799,0.5577889447236181,0.625,0.6666666666666666,2.8442211055276383,2.909547738693467,3.1666666666666665,0.625
0.7589743589743589,0.5538461538461539,0.6428571428571429,0.6666666666666666,2.8564102564102565,2.825641025641026,3.3333333333333335,0.6428571428571429
0.7486910994764397,0.5287958115183246,0.6923076923076923,0.8333333333333334,2.837696335078534,2.837696335078534,3.3333333333333335,0.6923076923076923
0.7329842931937173,0.5287958115183246,0.7692307692307693,0.8333333333333334,2.832460732984293,3.0575916230366493,3.3333333333333335,0.7692307692307693
0.7329842931937173,0.5497382198952879,0.7692307692307693,0.6666666666666666,2.806282722513089,3.026178010471204,3.1666666666666665,0.7692307692307693
0.7015706806282722,0.5445026178010471,0.7692307692307693,0.6666666666666666,2.8010471204188483,2.869109947643979,3.1666666666666665,0.7692307692307693
0.6923076923076923,0.5,0.7692307692307693,0.6666666666666666,2.912087912087912,2.8846153846153846,4.166666666666667,0.7692307692307693
0.7087912087912088,0.5,0.7692307692307693,0.6666666666666666,2.912087912087912,2.9175824175824174,4.166666666666667,0.7692307692307693
0.7062146892655368,0.536723163841808,0.75,1.0,2.830508474576271,2.8926553672316384,4.166666666666667,0.75
0.7314285714285714,0.5371428571428571,0.6666666666666666,1.0,2.8057142857142856,2.84,4.166666666666667,0.6666666666666666
0.6941176470588235,0.5235294117647059,0.6666666666666666,1.2,2.864705882352941,2.8411764705882354,4.0,0.6666666666666666
0.7440476190476191,0.5178571428571429,0.6666666666666666,1.2,2.8452380952380953,2.8452380952380953,4.0,0.6666666666666666
0.7485029940119761,0.5029940119760479,0.6666666666666666,1.0,2.784431137724551,2.8263473053892216,4.2,0.6666666666666666
0.7090909090909091,0.509090909090909,0.7272727272727273,1.25,2.793939393939394,2.8424242424242423,4.75,0.7272727272727273
0.7018633540372671,0.5341614906832298,0.7777777777777778,1.25,2.8819875776397517,2.8447204968944098,4.0,0.7777777777777778
0.7375,0.5375,0.8888888888888888,1.25,2.88125,3.05625,4.0,0.8888888888888888
0.7358490566037735,0.5408805031446541,0.8888888888888888,1.25,2.880503144654088,3.0251572327044025,3.5,0.8888888888888888
0.7133757961783439,0.5414012738853503,0.7777777777777778,1.25,2.910828025477707,3.089171974522293,3.5,0.7777777777777778
0.7142857142857143,0.5194805194805194,0.875,1.0,3.038961038961039,2.9935064935064934,3.25,0.875
0.7171052631578947,0.5263157894736842,0.875,1.0,2.9342105263157894,2.848684210526316,3.25,0.875
0.7218543046357616,0.5099337748344371,0.875,1.25,2.7682119205298013,2.827814569536424,2.75,0.875
0.7516778523489933,0.5033557046979866,1.0,1.6666666666666667,2.7449664429530203,3.033557046979866,3.0,1.0
0.7328767123287672,0.541095890410959,1.0,1.6666666666666667,2.780821917808219,2.9794520547945207,4.0,1.0
0.7464788732394366,0.5492957746478874,0.75,1.6666666666666667,2.8098591549295775,2.7464788732394365,4.0,0.75
0.7410071942446043,0.5611510791366906,0.75,1.6666666666666667,2.597122302158273,2.7338129496402876,5.0,0.75
0.7410071942446043,0.5611510791366906,0.75,1.6666666666666667,2.5899280575539567,2.7553956834532376,5.0,0.75
0.7463768115942029,0.5869565217391305,0.75,1.3333333333333333,2.8043478260869565,2.7318840579710146,5.0,0.75
0.6911764705882353,0.5882352941176471,0.875,1.3333333333333333,2.7720588235294117,2.6911764705882355,5.0,0.875
0.6911764705882353,0.5735294117647058,0.875,1.3333333333333333,2.713235294117647,2.713235294117647,5.0,0.875
0.6470588235294118,0.5661764705882353,0.75,1.3333333333333333,2.7058823529411766,2.7941176470588234,5.0,0.75
0.6470588235294118,0.5073529411764706,0.75,1.3333333333333333,2.8088235294117645,2.786764705882353,5.666666666666667,0.75
0.6363636363636364,0.48484848484848486,0.625,1.0,2.757575757575758,2.7045454545454546,6.0,0.625
0.627906976744186,0.4728682170542636,0.625,1.0,2.627906976744186,2.643410852713178,5.0,0.625
0.6171875,0.4609375,0.5,1.0,2.5859375,2.8046875,5.0,0.5
0.6031746031746031,0.5158730158730159,0.5,1.0,2.626984126984127,2.7936507936507935,5.0,0.5
0.6428571428571429,0.5158730158730159,0.5,1.0,2.619047619047619,2.738095238095238,5.0,0.5
0.64,0.48,0.5,1.0,2.552,2.704,5.0,0.5
0.7235772357723578,0.4878048780487805,0.5,1.0,2.5609756097560976,2.813008130081301,5.0,0.5
0.7295081967213115,0.48360655737704916,0.5714285714285714,1.5,2.69672131147541,2.8278688524590163,3.0,0.5714285714285714
0.7863247863247863,0.47863247863247865,0.5714285714285714,1.5,2.700854700854701,2.871794871794872,3.0,0.5714285714285714
0.7931034482758621,0.47413793103448276,0.5714285714285714,1.5,2.646551724137931,2.8706896551724137,3.5,0.5714285714285714
0.6754385964912281,0.4824561403508772,0.5714285714285714,1.5,2.6666666666666665,2.8157894736842106,3.5,0.5714285714285714
0.6666666666666666,0.5405405405405406,0.3333333333333333,2.0,2.5765765765765765,2.828828828828829,4.0,0.3333333333333333
0.6818181818181818,0.5363636363636364,0.4,2.0,2.6,2.8363636363636364,4.0,0.4
0.6605504587155964,0.5229357798165137,0.4,1.5,2.6513761467889907,2.8256880733944953,5.0,0.4
0.6972477064220184,0.5045871559633027,0.4,1.5,2.6605504587155964,2.908256880733945,5.0,0.4
0.7037037037037037,0.5277777777777778,0.4,1.5,2.7314814814814814,2.925925925925926,4.5,0.4
0.7102803738317757,0.5233644859813084,0.4,1.5,2.7289719626168223,2.94392523364486,4.5,0.4
0.7087378640776699,0.4854368932038835,0.3333333333333333,1.5,2.6990291262135924,2.9514563106796117,4.5,0.3333333333333333
0.6796116504854369,0.4854368932038835,0.3333333333333333,1.5,2.7281553398058254,2.854368932038835,4.5,0.3333333333333333
0.6666666666666666,0.5196078431372549,0.3333333333333333,1.5,2.8627450980392157,2.872549019607843,4.5,0.3333333333333333
0.7128712871287128,0.5247524752475248,0.6666666666666666,1.5,2.910891089108911,2.881188118811881,4.5,0.6666666666666666
0.7128712871287128,0.5544554455445545,0.6666666666666666,1.5,2.900990099009901,2.891089108910891,4.5,0.6666666666666666
0.6633663366336634,0.5445544554455446,0.6666666666666666,1.5,2.871287128712871,2.891089108910891,4.5,0.6666666666666666
0.6534653465346535,0.48514851485148514,0.6666666666666666,1.5,2.8415841584158414,2.8613861386138613,4.5,0.6666666666666666
0.6732673267326733,0.48514851485148514,0.3333333333333333,1.5,2.8118811881188117,2.782178217821782,4.5,0.3333333333333333
0.68,0.49,0.5,1.5,2.86,2.76,4.5,0.5
0.7,0.49,0.0,1.5,2.87,2.84,4.5,0.0
0.7040816326530612,0.5612244897959183,0.0,1.5,2.989795918367347,2.86734693877551,4.0,0.0
0.6185567010309279,0.5567010309278351,0.5,1.5,3.0,2.9278350515463916,4.0,0.5
0.6082474226804123,0.5360824742268041,0.5,1.5,2.9381443298969074,2.917525773195876,4.0,0.5
0.6701030927835051,0.5257731958762887,0.5,1.5,2.9072164948453607,2.8247422680412373,4.0,0.5
0.6597938144329897,0.5463917525773195,0.5,1.5,2.8762886597938144,2.7731958762886597,4.0,0.5
0.7684210526315789,0.5473684210526316,0.5,1.5,2.8842105263157896,2.957894736842105,4.0,0.5
0.7472527472527473,0.4835164835164835,0.5,1.5,2.9450549450549453,2.978021978021978,4.5,0.5
0.6666666666666666,0.4777777777777778,0.5,1.5,2.933333333333333,2.8666666666666667,4.5,0.5
0.6744186046511628,0.5232558139534884,0.5,2.0,2.8488372093023258,2.872093023255814,3.0,0.5
0.627906976744186,0.5116279069767442,1.0,2.0,2.872093023255814,3.0232558139534884,3.0,1.0
0.611764705882353,0.47058823529411764,1.0,2.0,2.988235294117647,3.011764705882353,4.0,1.0
0.6547619047619048,0.47619047619047616,1.0,2.0,3.011904761904762,3.0833333333333335,4.0,1.0
0.6626506024096386,0.4578313253012048,1.0,2.0,2.6144578313253013,3.108433734939759,4.0,1.0
0.6265060240963856,0.4578313253012048,1.0,2.0,2.6987951807228914,3.0240963855421685,4.0,1.0
0.6296296296296297,0.4444444444444444,1.0,2.0,2.7777777777777777,3.0246913580246915,5.0,1.0
0.6125,0.425,1.0,2.0,2.8,2.9875,5.0,1.0
0.6125,0.425,1.0,2.0,2.825,3.0,5.0,1.0
0.5875,0.425,1.0,2.0,2.9125,2.9375,5.0,1.0
0.5512820512820513,0.4358974358974359,1.0,2.0,2.858974358974359,2.923076923076923,5.0,1.0
0.6153846153846154,0.4230769230769231,0.5,2.0,2.8846153846153846,2.782051282051282,5.0,0.5
0.6233766233766234,0.45454545454545453,0.5,2.0,3.064935064935065,2.792207792207792,4.0,0.5
0.5263157894736842,0.4605263157894737,0.5,2.0,3.0526315789473686,2.789473684210526,4.0,0.5
0.52,0.44,0.5,2.0,2.84,2.7866666666666666,4.0,0.5
0.6216216216216216,0.43243243243243246,0.5,2.0,2.824324324324324,2.810810810810811,4.0,0.5
0.6081081081081081,0.4189189189189189,0.5,2.0,2.9054054054054053,2.77027027027027,4.0,0.5
0.6438356164383562,0.410958904109589,1.0,2.0,2.9178082191780823,2.712328767123288,4.0,1.0
0.6527777777777778,0.4861111111111111,1.0,2.0,2.9444444444444446,2.6666666666666665,5.0,1.0
0.6285714285714286,0.4857142857142857,1.0,2.0,2.9857142857142858,2.8142857142857145,5.0,1.0
0.6285714285714286,0.42857142857142855,1.0,2.0,2.857142857142857,2.7857142857142856,4.0,1.0
0.6142857142857143,0.42857142857142855,0.0,2.0,2.842857142857143,2.742857142857143,4.0,0.0
0.671875,0.5,0.0,2.0,3.03125,2.96875,4.0,0.0
0.6935483870967742,0.5,0.5,2.0,3.0161290322580645,3.032258064516129,4.0,0.5
0.65,0.4666666666666667,0.5,,2.8333333333333335,3.0,,0.5
0.6271186440677966,0.4745762711864407,0.5,,2.847457627118644,2.847457627118644,,0.5
0.6379310344827587,0.4482758620689655,0.5,,2.810344827586207,2.8275862068965516,,0.5
0.6206896551724138,0.43103448275862066,0.0,,2.7586206896551726,2.913793103448276,,0.0
0.6206896551724138,0.4827586206896552,0.0,,2.8793103448275863,2.9310344827586206,,0.0
0.6206896551724138,0.4827586206896552,0.0,,2.8620689655172415,2.9310344827586206,,0.0
0.6206896551724138,0.43103448275862066,0.0,,3.0344827586206895,2.8620689655172415,,0.0
0.7068965517241379,0.43103448275862066,0.0,,3.0172413793103448,2.896551724137931,,0.0
0.7192982456140351,0.47368421052631576,0.0,,2.8771929824561404,2.807017543859649,,0.0
0.6851851851851852,0.48148148148148145,0.0,,2.888888888888889,2.888888888888889,,0.0
0.6851851851851852,0.42592592592592593,0.0,,3.0925925925925926,2.925925925925926,,0.0
0.6981132075471698,0.4339622641509434,1.0,,3.150943396226415,2.660377358490566,,1.0
0.7254901960784313,0.47058823529411764,1.0,,3.0784313725490198,2.6666666666666665,,1.0
0.68,0.48,0.0,,3.08,2.74,,0.0
0.68,0.48,0.0,,3.12,2.74,,0.0
0.6,0.48,0.0,,3.18,2.48,,0.0
0.6,0.46,0.0,,2.92,2.48,,0.0
0.5306122448979592,0.42857142857142855,0.0,,2.8979591836734695,2.36734693877551,,0.0
0.5416666666666666,0.3958333333333333,0.0,,2.6666666666666665,2.375,,0.0
0.5957446808510638,0.40425531914893614,0.0,,2.6808510638297873,2.595744680851064,,0.0
0.5957446808510638,0.46808510638297873,0.0,,2.8085106382978724,2.595744680851064,,0.0
0.7446808510638298,0.46808510638297873,0.0,,2.8085106382978724,2.617021276595745,,0.0
0.7446808510638298,0.48936170212765956,0.0,,2.595744680851064,2.617021276595745,,0.0
0.7021276595744681,0.48936170212765956,1.0,,2.617021276595745,2.5106382978723403,,1.0
0.7021276595744681,0.46808510638297873,1.0,,2.574468085106383,2.5106382978723403,,1.0
0.7021276595744681,0.46808510638297873,1.0,,2.617021276595745,2.723404255319149,,1.0
0.7021276595744681,0.574468085106383,1.0,,3.0,2.6808510638297873,,1.0
0.7446808510638298,0.574468085106383,0.0,,2.9574468085106385,2.5106382978723403,,0.0
0.7446808510638298,0.44680851063829785,0.0,,2.702127659574468,2.5106382978723403,,0.0
0.7659574468085106,0.44680851063829785,1.0,,2.702127659574468,2.5106382978723403,,1.0
0.7659574468085106,0.46808510638297873,1.0,,2.8297872340425534,2.5106382978723403,,1.0
0.7021276595744681,0.46808510638297873,1.0,,2.8297872340425534,2.4468085106382977,,1.0
0.6956521739130435,0.4782608695652174,1.0,,2.782608695652174,2.4347826086956523,,1.0
0.7391304347826086,0.4782608695652174,0.0,,2.760869565217391,2.608695652173913,,0.0
0.7555555555555555,0.4,0.0,,2.688888888888889,2.6,,0.0
0.8,0.4,0.0,,2.6444444444444444,2.6222222222222222,,0.0
0.7619047619047619,0.38095238095238093,0.0,,2.880952380952381,2.5714285714285716,,0.0
0.5476190476190477,0.38095238095238093,0.0,,2.880952380952381,2.6904761904761907,,0.0
0.5476190476190477,0.38095238095238093,0.0,,2.642857142857143,2.6904761904761907,,0.0
0.5476190476190477,0.38095238095238093,0.0,,2.642857142857143,2.5714285714285716,,0.0
0.5476190476190477,0.35714285714285715,0.0,,2.4761904761904763,2.5476190476190474,,0.0
0.5476190476190477,0.35714285714285715,0.0,,2.6666666666666665,2.4285714285714284,,0.0
0.5609756097560976,0.4634146341463415,0.0,,2.6341463414634148,2.4634146341463414,,0.0
0.5853658536585366,0.4634146341463415,0.0,,2.6341463414634148,2.292682926829268,,0.0
0.6,0.375,0.0,,3.125,2.35,,0.0
0.675,0.375,0.0,,3.125,2.675,,0.0
0.675,0.4,0.0,,2.725,2.675,,0.0
0.5,0.4,0.0,,2.675,2.55,,0.0
0.5128205128205128,0.4358974358974359,0.0,,2.58974358974359,2.5384615384615383,,0.0
0.5526315789473685,0.4473684210526316,0.0,,2.6315789473684212,2.6578947368421053,,0.0
0.5675675675675675,0.40540540540540543,0.0,,2.810810810810811,2.6486486486486487,,0.0
0.5945945945945946,0.40540540540540543,0.0,,2.864864864864865,2.6486486486486487,,0.0
0.5833333333333334,0.5,0.0,,2.9444444444444446,2.611111111111111,,0.0
0.5882352941176471,0.4117647058823529,0.0,,2.7941176470588234,2.4705882352941178,,0.0
0.6060606060606061,0.36363636363636365,0.0,,2.696969696969697,2.5454545454545454,,0.0
0.6666666666666666,0.36363636363636365,0.0,,2.727272727272727,2.515151515151515,,0.0
0.6666666666666666,0.48484848484848486,0.0,,2.696969696969697,2.515151515151515,,0.0
0.6363636363636364,0.48484848484848486,0.0,,2.696969696969697,2.484848484848485,,0.0
0.625,0.65625,0.0,,2.875,2.5625,,0.0
0.6451612903225806,0.6129032258064516,0.0,,2.838709677419355,2.7096774193548385,,0.0
0.6451612903225806,0.3225806451612903,0.0,,2.5806451612903225,2.7096774193548385,,0.0
0.5333333333333333,0.3333333333333333,0.0,,2.6666666666666665,2.8,,0.0
0.5333333333333333,0.3333333333333333,0.0,,2.7333333333333334,2.8,,0.0
0.4827586206896552,0.3448275862068966,0.0,,2.8275862068965516,2.586206896551724,,0.0
0.4827586206896552,0.4827586206896552,0.0,,3.0,2.5517241379310347,,0.0
0.5,0.5,0.0,,3.0357142857142856,2.642857142857143,,0.0
0.5,0.5,0.0,,3.4285714285714284,2.642857142857143,,0.0
0.5357142857142857,0.5,0.0,,3.4285714285714284,2.392857142857143,,0.0
0.5357142857142857,0.5,0.0,,2.857142857142857,2.392857142857143,,0.0
0.6296296296296297,0.5185185185185185,0.0,,2.888888888888889,2.2962962962962963,,0.0
0.6296296296296297,0.37037037037037035,0.0,,3.185185185185185,2.2962962962962963,,0.0
0.5555555555555556,0.37037037037037035,0.0,,3.2222222222222223,2.4814814814814814,,0.0
0.5555555555555556,0.3333333333333333,0.0,,2.740740740740741,2.4814814814814814,,0.0
0.6153846153846154,0.34615384615384615,0.0,,2.8076923076923075,2.0,,0.0
0.6153846153846154,0.38461538461538464,0.0,,2.9615384615384617,2.0,,0.0
0.5769230769230769,0.34615384615384615,0.0,,2.923076923076923,2.3461538461538463,,0.0
0.5384615384615384,0.38461538461538464,0.0,,2.8461538461538463,2.3461538461538463,,0.0
0.5384615384615384,0.38461538461538464,0.0,,2.8461538461538463,1.9615384615384615,,0.0
0.5384615384615384,0.2692307692307692,0.0,,2.923076923076923,1.9615384615384615,,0.0
0.7727272727272727,0.2727272727272727,1.0,,2.6363636363636362,2.409090909090909,,1.0
0.7272727272727273,0.3181818181818182,1.0,,2.272727272727273,2.409090909090909,,1.0
0.8571428571428571,0.3333333333333333,0.0,,2.380952380952381,2.761904761904762,,0.0
0.9,0.3,0.0,,2.55,2.9,,0.0
0.75,0.3,0.0,,2.55,2.6,,0.0
0.7,0.35,0.0,,2.3,2.55,,0.0
0.7,0.35,0.0,,2.3,2.65,,0.0
0.7,0.5,0.0,,2.65,2.7,,0.0
0.7,0.5,0.0,,2.65,2.35,,0.0
0.6842105263157895,0.3157894736842105,0.0,,2.3157894736842106,2.3684210526315788,,0.0
0.5789473684210527,0.3157894736842105,0.0,,2.3157894736842106,2.4210526315789473,,0.0
0.7142857142857143,0.42857142857142855,0.0,,2.857142857142857,2.857142857142857,,0.0
1.0,0.6,0.0,,2.4,3.7,,0.0
1.0,0.5,0.0,,2.8,3.7,,0.0
1.3,0.5,1.0,,2.7,3.4,,1.0
1.3,0.5,1.0,,2.6,3.4,,1.0
1.2,0.5,1.0,,2.6,3.1,,1.0
1.2,0.5,1.0,,2.6,3.1,,1.0
1.1,0.5,0.0,,2.6,3.7,,0.0
1.1,0.5,0.0,,2.6,3.7,,0.0
1.2,0.5,0.0,,2.6,3.6,,0.0
1.2,0.5,0.0,,2.6,3.6,,0.0
1.3,0.5,1.0,,2.6,3.7,,1.0
1.3,0.5,1.0,,2.6,3.7,,1.0
1.2,0.5,0.0,,2.6,3.6,,0.0
1.2,0.5,0.0,,2.6,3.6,,0.0
1.1,0.5,0.0,,2.6,3.4,,0.0
1.1,0.5,0.0,,2.7,3.4,,0.0
1.2,0.5,0.0,,2.6,3.1,,0.0
1.2,0.5,0.0,,2.5,3.1,,0.0
1.2,0.5,0.0,,2.5,3.3,,0.0
1.2,0.5,0.0,,2.8,3.3,,0.0
1.2,0.5,0.0,,2.6,4.0,,0.0
1.2,0.5,0.0,,2.8,4.0,,0.0
1.3,0.5,0.0,,2.8,3.8,,0.0
1.3,0.5,0.0,,2.9,3.6,,0.0
1.2,0.5,0.0,,2.9,3.3,,0.0
1.2,0.4,0.0,,3.0,3.4,,0.0
1.1,0.4,0.0,,3.0,3.3,,0.0
1.1,0.4,0.0,,2.8,3.3,,0.0
1.2,0.4,0.0,,2.8,3.2,,0.0
1.2,0.4,0.0,,2.8,3.2,,0.0
1.2,0.4,0.0,,2.8,3.3,,0.0
1.2,0.4,0.0,,2.7,3.3,,0.0
1.1,0.4,0.0,,2.7,3.1,,0.0
1.1,0.4,0.0,,2.8,3.1,,0.0
1.0,0.4,0.0,,2.8,3.2,,0.0
1.0,0.5,0.0,,2.8,3.2,,0.0
0.9,0.5,0.0,,2.8,3.6,,0.0
0.9,0.5,0.0,,2.8,3.6,,0.0
1.2,0.5,1.0,,2.8,3.6,,1.0
1.2,0.5,1.0,,2.6,3.6,,1.0
1.2,0.5,1.0,,2.6,3.6,,1.0
1.2222222222222223,0.4444444444444444,1.0,,2.888888888888889,4.0,,1.0
1.2222222222222223,0.4444444444444444,1.0,,2.888888888888889,3.888888888888889,,1.0
1.2222222222222223,0.5555555555555556,1.0,,3.0,3.888888888888889,,1.0
0.8888888888888888,0.5555555555555556,0.0,,2.888888888888889,3.7777777777777777,,0.0
0.8888888888888888,0.6666666666666666,0.0,,3.0,3.7777777777777777,,0.0
0.8888888888888888,0.6666666666666666,0.0,,3.0,3.3333333333333335,,0.0
0.8888888888888888,0.5555555555555556,0.0,,3.111111111111111,3.3333333333333335,,0.0
0.8888888888888888,0.5555555555555556,0.0,,3.111111111111111,3.4444444444444446,,0.0
